cycle,velocity,series,panel,subject
0,-0.102,Bounce,70% 1RM,1
2,-0.180,Bounce,70% 1RM,1
4,-0.239,Bounce,70% 1RM,1
6,-0.313,Bounce,70% 1RM,1
8,-0.386,Bounce,70% 1RM,1
10,-0.508,Bounce,70% 1RM,1
12,-0.637,Bounce,70% 1RM,1
14,-0.718,Bounce,70% 1RM,1
16,-0.762,Bounce,70% 1RM,1
18,-0.861,Bounce,70% 1RM,1
20,-0.855,Bounce,70% 1RM,1
22,-0.852,Bounce,70% 1RM,1
24,-0.793,Bounce,70% 1RM,1
26,-0.683,Bounce,70% 1RM,1
28,-0.593,Bounce,70% 1RM,1
30,-0.485,Bounce,70% 1RM,1
32,-0.381,Bounce,70% 1RM,1
34,-0.274,Bounce,70% 1RM,1
36,-0.139,Bounce,70% 1RM,1
38,-0.062,Bounce,70% 1RM,1
40,0.019,Bounce,70% 1RM,1
42,0.106,Bounce,70% 1RM,1
44,0.150,Bounce,70% 1RM,1
46,0.227,Bounce,70% 1RM,1
48,0.310,Bounce,70% 1RM,1
50,0.369,Bounce,70% 1RM,1
52,0.450,Bounce,70% 1RM,1
54,0.484,Bounce,70% 1RM,1
56,0.554,Bounce,70% 1RM,1
58,0.598,Bounce,70% 1RM,1
60,0.640,Bounce,70% 1RM,1
62,0.677,Bounce,70% 1RM,1
64,0.694,Bounce,70% 1RM,1
66,0.708,Bounce,70% 1RM,1
68,0.721,Bounce,70% 1RM,1
70,0.739,Bounce,70% 1RM,1
72,0.726,Bounce,70% 1RM,1
74,0.741,Bounce,70% 1RM,1
76,0.765,Bounce,70% 1RM,1
78,0.765,Bounce,70% 1RM,1
80,0.769,Bounce,70% 1RM,1
82,0.825,Bounce,70% 1RM,1
84,0.910,Bounce,70% 1RM,1
86,0.970,Bounce,70% 1RM,1
88,1.103,Bounce,70% 1RM,1
90,1.156,Bounce,70% 1RM,1
92,1.061,Bounce,70% 1RM,1
94,0.871,Bounce,70% 1RM,1
96,0.510,Bounce,70% 1RM,1
98,0.276,Bounce,70% 1RM,1
100,0.081,Bounce,70% 1RM,1
0,-0.050,Bounce,70% 1RM,2
2,-0.093,Bounce,70% 1RM,2
4,-0.185,Bounce,70% 1RM,2
6,-0.244,Bounce,70% 1RM,2
8,-0.363,Bounce,70% 1RM,2
10,-0.390,Bounce,70% 1RM,2
12,-0.579,Bounce,70% 1RM,2
14,-0.630,Bounce,70% 1RM,2
16,-0.748,Bounce,70% 1RM,2
18,-0.787,Bounce,70% 1RM,2
20,-0.804,Bounce,70% 1RM,2
22,-0.788,Bounce,70% 1RM,2
24,-0.737,Bounce,70% 1RM,2
26,-0.645,Bounce,70% 1RM,2
28,-0.518,Bounce,70% 1RM,2
30,-0.420,Bounce,70% 1RM,2
32,-0.331,Bounce,70% 1RM,2
34,-0.228,Bounce,70% 1RM,2
36,-0.108,Bounce,70% 1RM,2
38,-0.030,Bounce,70% 1RM,2
40,0.087,Bounce,70% 1RM,2
42,0.160,Bounce,70% 1RM,2
44,0.235,Bounce,70% 1RM,2
46,0.322,Bounce,70% 1RM,2
48,0.337,Bounce,70% 1RM,2
50,0.438,Bounce,70% 1RM,2
52,0.503,Bounce,70% 1RM,2
54,0.558,Bounce,70% 1RM,2
56,0.623,Bounce,70% 1RM,2
58,0.663,Bounce,70% 1RM,2
60,0.730,Bounce,70% 1RM,2
62,0.737,Bounce,70% 1RM,2
64,0.756,Bounce,70% 1RM,2
66,0.789,Bounce,70% 1RM,2
68,0.797,Bounce,70% 1RM,2
70,0.772,Bounce,70% 1RM,2
72,0.834,Bounce,70% 1RM,2
74,0.820,Bounce,70% 1RM,2
76,0.822,Bounce,70% 1RM,2
78,0.827,Bounce,70% 1RM,2
80,0.850,Bounce,70% 1RM,2
82,0.890,Bounce,70% 1RM,2
84,0.949,Bounce,70% 1RM,2
86,1.078,Bounce,70% 1RM,2
88,1.182,Bounce,70% 1RM,2
90,1.207,Bounce,70% 1RM,2
92,1.150,Bounce,70% 1RM,2
94,0.912,Bounce,70% 1RM,2
96,0.624,Bounce,70% 1RM,2
98,0.322,Bounce,70% 1RM,2
100,0.123,Bounce,70% 1RM,2
0,-0.092,Bounce,70% 1RM,3
2,-0.155,Bounce,70% 1RM,3
4,-0.210,Bounce,70% 1RM,3
6,-0.263,Bounce,70% 1RM,3
8,-0.398,Bounce,70% 1RM,3
10,-0.486,Bounce,70% 1RM,3
12,-0.609,Bounce,70% 1RM,3
14,-0.678,Bounce,70% 1RM,3
16,-0.795,Bounce,70% 1RM,3
18,-0.852,Bounce,70% 1RM,3
20,-0.882,Bounce,70% 1RM,3
22,-0.862,Bounce,70% 1RM,3
24,-0.792,Bounce,70% 1RM,3
26,-0.712,Bounce,70% 1RM,3
28,-0.589,Bounce,70% 1RM,3
30,-0.499,Bounce,70% 1RM,3
32,-0.342,Bounce,70% 1RM,3
34,-0.235,Bounce,70% 1RM,3
36,-0.164,Bounce,70% 1RM,3
38,-0.065,Bounce,70% 1RM,3
40,-0.007,Bounce,70% 1RM,3
42,0.110,Bounce,70% 1RM,3
44,0.204,Bounce,70% 1RM,3
46,0.240,Bounce,70% 1RM,3
48,0.278,Bounce,70% 1RM,3
50,0.407,Bounce,70% 1RM,3
52,0.444,Bounce,70% 1RM,3
54,0.475,Bounce,70% 1RM,3
56,0.575,Bounce,70% 1RM,3
58,0.632,Bounce,70% 1RM,3
60,0.664,Bounce,70% 1RM,3
62,0.656,Bounce,70% 1RM,3
64,0.711,Bounce,70% 1RM,3
66,0.769,Bounce,70% 1RM,3
68,0.751,Bounce,70% 1RM,3
70,0.797,Bounce,70% 1RM,3
72,0.784,Bounce,70% 1RM,3
74,0.781,Bounce,70% 1RM,3
76,0.764,Bounce,70% 1RM,3
78,0.757,Bounce,70% 1RM,3
80,0.825,Bounce,70% 1RM,3
82,0.849,Bounce,70% 1RM,3
84,0.901,Bounce,70% 1RM,3
86,1.019,Bounce,70% 1RM,3
88,1.138,Bounce,70% 1RM,3
90,1.163,Bounce,70% 1RM,3
92,1.112,Bounce,70% 1RM,3
94,0.858,Bounce,70% 1RM,3
96,0.516,Bounce,70% 1RM,3
98,0.283,Bounce,70% 1RM,3
100,0.077,Bounce,70% 1RM,3
0,-0.135,Bounce,70% 1RM,4
2,-0.184,Bounce,70% 1RM,4
4,-0.234,Bounce,70% 1RM,4
6,-0.295,Bounce,70% 1RM,4
8,-0.456,Bounce,70% 1RM,4
10,-0.568,Bounce,70% 1RM,4
12,-0.623,Bounce,70% 1RM,4
14,-0.756,Bounce,70% 1RM,4
16,-0.785,Bounce,70% 1RM,4
18,-0.884,Bounce,70% 1RM,4
20,-0.882,Bounce,70% 1RM,4
22,-0.892,Bounce,70% 1RM,4
24,-0.789,Bounce,70% 1RM,4
26,-0.733,Bounce,70% 1RM,4
28,-0.621,Bounce,70% 1RM,4
30,-0.473,Bounce,70% 1RM,4
32,-0.380,Bounce,70% 1RM,4
34,-0.304,Bounce,70% 1RM,4
36,-0.211,Bounce,70% 1RM,4
38,-0.131,Bounce,70% 1RM,4
40,0.003,Bounce,70% 1RM,4
42,0.080,Bounce,70% 1RM,4
44,0.139,Bounce,70% 1RM,4
46,0.239,Bounce,70% 1RM,4
48,0.299,Bounce,70% 1RM,4
50,0.345,Bounce,70% 1RM,4
52,0.439,Bounce,70% 1RM,4
54,0.475,Bounce,70% 1RM,4
56,0.537,Bounce,70% 1RM,4
58,0.609,Bounce,70% 1RM,4
60,0.625,Bounce,70% 1RM,4
62,0.659,Bounce,70% 1RM,4
64,0.691,Bounce,70% 1RM,4
66,0.693,Bounce,70% 1RM,4
68,0.740,Bounce,70% 1RM,4
70,0.729,Bounce,70% 1RM,4
72,0.712,Bounce,70% 1RM,4
74,0.759,Bounce,70% 1RM,4
76,0.718,Bounce,70% 1RM,4
78,0.748,Bounce,70% 1RM,4
80,0.726,Bounce,70% 1RM,4
82,0.777,Bounce,70% 1RM,4
84,0.887,Bounce,70% 1RM,4
86,0.983,Bounce,70% 1RM,4
88,1.144,Bounce,70% 1RM,4
90,1.134,Bounce,70% 1RM,4
92,1.023,Bounce,70% 1RM,4
94,0.827,Bounce,70% 1RM,4
96,0.508,Bounce,70% 1RM,4
98,0.243,Bounce,70% 1RM,4
100,0.056,Bounce,70% 1RM,4
0,-0.133,Bounce,70% 1RM,5
2,-0.154,Bounce,70% 1RM,5
4,-0.258,Bounce,70% 1RM,5
6,-0.344,Bounce,70% 1RM,5
8,-0.389,Bounce,70% 1RM,5
10,-0.515,Bounce,70% 1RM,5
12,-0.649,Bounce,70% 1RM,5
14,-0.721,Bounce,70% 1RM,5
16,-0.810,Bounce,70% 1RM,5
18,-0.833,Bounce,70% 1RM,5
20,-0.885,Bounce,70% 1RM,5
22,-0.850,Bounce,70% 1RM,5
24,-0.821,Bounce,70% 1RM,5
26,-0.709,Bounce,70% 1RM,5
28,-0.654,Bounce,70% 1RM,5
30,-0.539,Bounce,70% 1RM,5
32,-0.360,Bounce,70% 1RM,5
34,-0.288,Bounce,70% 1RM,5
36,-0.168,Bounce,70% 1RM,5
38,-0.101,Bounce,70% 1RM,5
40,-0.014,Bounce,70% 1RM,5
42,0.052,Bounce,70% 1RM,5
44,0.114,Bounce,70% 1RM,5
46,0.197,Bounce,70% 1RM,5
48,0.317,Bounce,70% 1RM,5
50,0.358,Bounce,70% 1RM,5
52,0.408,Bounce,70% 1RM,5
54,0.476,Bounce,70% 1RM,5
56,0.583,Bounce,70% 1RM,5
58,0.603,Bounce,70% 1RM,5
60,0.644,Bounce,70% 1RM,5
62,0.657,Bounce,70% 1RM,5
64,0.642,Bounce,70% 1RM,5
66,0.684,Bounce,70% 1RM,5
68,0.714,Bounce,70% 1RM,5
70,0.708,Bounce,70% 1RM,5
72,0.740,Bounce,70% 1RM,5
74,0.752,Bounce,70% 1RM,5
76,0.758,Bounce,70% 1RM,5
78,0.761,Bounce,70% 1RM,5
80,0.725,Bounce,70% 1RM,5
82,0.769,Bounce,70% 1RM,5
84,0.843,Bounce,70% 1RM,5
86,0.968,Bounce,70% 1RM,5
88,1.096,Bounce,70% 1RM,5
90,1.160,Bounce,70% 1RM,5
92,1.052,Bounce,70% 1RM,5
94,0.838,Bounce,70% 1RM,5
96,0.513,Bounce,70% 1RM,5
98,0.217,Bounce,70% 1RM,5
100,0.072,Bounce,70% 1RM,5
0,-0.094,Bounce,70% 1RM,6
2,-0.174,Bounce,70% 1RM,6
4,-0.231,Bounce,70% 1RM,6
6,-0.297,Bounce,70% 1RM,6
8,-0.392,Bounce,70% 1RM,6
10,-0.526,Bounce,70% 1RM,6
12,-0.596,Bounce,70% 1RM,6
14,-0.728,Bounce,70% 1RM,6
16,-0.783,Bounce,70% 1RM,6
18,-0.866,Bounce,70% 1RM,6
20,-0.837,Bounce,70% 1RM,6
22,-0.876,Bounce,70% 1RM,6
24,-0.782,Bounce,70% 1RM,6
26,-0.709,Bounce,70% 1RM,6
28,-0.590,Bounce,70% 1RM,6
30,-0.509,Bounce,70% 1RM,6
32,-0.341,Bounce,70% 1RM,6
34,-0.274,Bounce,70% 1RM,6
36,-0.127,Bounce,70% 1RM,6
38,-0.073,Bounce,70% 1RM,6
40,0.053,Bounce,70% 1RM,6
42,0.113,Bounce,70% 1RM,6
44,0.141,Bounce,70% 1RM,6
46,0.235,Bounce,70% 1RM,6
48,0.324,Bounce,70% 1RM,6
50,0.393,Bounce,70% 1RM,6
52,0.475,Bounce,70% 1RM,6
54,0.493,Bounce,70% 1RM,6
56,0.587,Bounce,70% 1RM,6
58,0.631,Bounce,70% 1RM,6
60,0.647,Bounce,70% 1RM,6
62,0.714,Bounce,70% 1RM,6
64,0.732,Bounce,70% 1RM,6
66,0.729,Bounce,70% 1RM,6
68,0.723,Bounce,70% 1RM,6
70,0.760,Bounce,70% 1RM,6
72,0.759,Bounce,70% 1RM,6
74,0.761,Bounce,70% 1RM,6
76,0.787,Bounce,70% 1RM,6
78,0.754,Bounce,70% 1RM,6
80,0.767,Bounce,70% 1RM,6
82,0.811,Bounce,70% 1RM,6
84,0.915,Bounce,70% 1RM,6
86,1.017,Bounce,70% 1RM,6
88,1.143,Bounce,70% 1RM,6
90,1.182,Bounce,70% 1RM,6
92,1.034,Bounce,70% 1RM,6
94,0.873,Bounce,70% 1RM,6
96,0.556,Bounce,70% 1RM,6
98,0.262,Bounce,70% 1RM,6
100,0.104,Bounce,70% 1RM,6
0,-0.080,No-Bounce,70% 1RM,1
2,-0.129,No-Bounce,70% 1RM,1
4,-0.214,No-Bounce,70% 1RM,1
6,-0.301,No-Bounce,70% 1RM,1
8,-0.410,No-Bounce,70% 1RM,1
10,-0.473,No-Bounce,70% 1RM,1
12,-0.602,No-Bounce,70% 1RM,1
14,-0.709,No-Bounce,70% 1RM,1
16,-0.790,No-Bounce,70% 1RM,1
18,-0.847,No-Bounce,70% 1RM,1
20,-0.836,No-Bounce,70% 1RM,1
22,-0.812,No-Bounce,70% 1RM,1
24,-0.767,No-Bounce,70% 1RM,1
26,-0.664,No-Bounce,70% 1RM,1
28,-0.595,No-Bounce,70% 1RM,1
30,-0.442,No-Bounce,70% 1RM,1
32,-0.361,No-Bounce,70% 1RM,1
34,-0.244,No-Bounce,70% 1RM,1
36,-0.181,No-Bounce,70% 1RM,1
38,-0.026,No-Bounce,70% 1RM,1
40,0.008,No-Bounce,70% 1RM,1
42,0.080,No-Bounce,70% 1RM,1
44,0.145,No-Bounce,70% 1RM,1
46,0.178,No-Bounce,70% 1RM,1
48,0.243,No-Bounce,70% 1RM,1
50,0.330,No-Bounce,70% 1RM,1
52,0.337,No-Bounce,70% 1RM,1
54,0.396,No-Bounce,70% 1RM,1
56,0.388,No-Bounce,70% 1RM,1
58,0.462,No-Bounce,70% 1RM,1
60,0.456,No-Bounce,70% 1RM,1
62,0.531,No-Bounce,70% 1RM,1
64,0.580,No-Bounce,70% 1RM,1
66,0.596,No-Bounce,70% 1RM,1
68,0.628,No-Bounce,70% 1RM,1
70,0.648,No-Bounce,70% 1RM,1
72,0.686,No-Bounce,70% 1RM,1
74,0.736,No-Bounce,70% 1RM,1
76,0.747,No-Bounce,70% 1RM,1
78,0.774,No-Bounce,70% 1RM,1
80,0.756,No-Bounce,70% 1RM,1
82,0.844,No-Bounce,70% 1RM,1
84,0.914,No-Bounce,70% 1RM,1
86,1.004,No-Bounce,70% 1RM,1
88,1.125,No-Bounce,70% 1RM,1
90,1.157,No-Bounce,70% 1RM,1
92,1.071,No-Bounce,70% 1RM,1
94,0.864,No-Bounce,70% 1RM,1
96,0.558,No-Bounce,70% 1RM,1
98,0.278,No-Bounce,70% 1RM,1
100,0.093,No-Bounce,70% 1RM,1
0,-0.116,No-Bounce,70% 1RM,2
2,-0.154,No-Bounce,70% 1RM,2
4,-0.227,No-Bounce,70% 1RM,2
6,-0.318,No-Bounce,70% 1RM,2
8,-0.414,No-Bounce,70% 1RM,2
10,-0.526,No-Bounce,70% 1RM,2
12,-0.619,No-Bounce,70% 1RM,2
14,-0.740,No-Bounce,70% 1RM,2
16,-0.757,No-Bounce,70% 1RM,2
18,-0.827,No-Bounce,70% 1RM,2
20,-0.884,No-Bounce,70% 1RM,2
22,-0.844,No-Bounce,70% 1RM,2
24,-0.765,No-Bounce,70% 1RM,2
26,-0.711,No-Bounce,70% 1RM,2
28,-0.587,No-Bounce,70% 1RM,2
30,-0.489,No-Bounce,70% 1RM,2
32,-0.371,No-Bounce,70% 1RM,2
34,-0.266,No-Bounce,70% 1RM,2
36,-0.163,No-Bounce,70% 1RM,2
38,-0.085,No-Bounce,70% 1RM,2
40,-0.015,No-Bounce,70% 1RM,2
42,0.067,No-Bounce,70% 1RM,2
44,0.126,No-Bounce,70% 1RM,2
46,0.164,No-Bounce,70% 1RM,2
48,0.234,No-Bounce,70% 1RM,2
50,0.257,No-Bounce,70% 1RM,2
52,0.317,No-Bounce,70% 1RM,2
54,0.354,No-Bounce,70% 1RM,2
56,0.427,No-Bounce,70% 1RM,2
58,0.430,No-Bounce,70% 1RM,2
60,0.478,No-Bounce,70% 1RM,2
62,0.528,No-Bounce,70% 1RM,2
64,0.570,No-Bounce,70% 1RM,2
66,0.586,No-Bounce,70% 1RM,2
68,0.627,No-Bounce,70% 1RM,2
70,0.641,No-Bounce,70% 1RM,2
72,0.677,No-Bounce,70% 1RM,2
74,0.662,No-Bounce,70% 1RM,2
76,0.722,No-Bounce,70% 1RM,2
78,0.735,No-Bounce,70% 1RM,2
80,0.755,No-Bounce,70% 1RM,2
82,0.778,No-Bounce,70% 1RM,2
84,0.900,No-Bounce,70% 1RM,2
86,0.993,No-Bounce,70% 1RM,2
88,1.123,No-Bounce,70% 1RM,2
90,1.193,No-Bounce,70% 1RM,2
92,1.096,No-Bounce,70% 1RM,2
94,0.835,No-Bounce,70% 1RM,2
96,0.542,No-Bounce,70% 1RM,2
98,0.244,No-Bounce,70% 1RM,2
100,0.074,No-Bounce,70% 1RM,2
0,-0.115,No-Bounce,70% 1RM,3
2,-0.154,No-Bounce,70% 1RM,3
4,-0.223,No-Bounce,70% 1RM,3
6,-0.279,No-Bounce,70% 1RM,3
8,-0.411,No-Bounce,70% 1RM,3
10,-0.531,No-Bounce,70% 1RM,3
12,-0.605,No-Bounce,70% 1RM,3
14,-0.692,No-Bounce,70% 1RM,3
16,-0.800,No-Bounce,70% 1RM,3
18,-0.856,No-Bounce,70% 1RM,3
20,-0.862,No-Bounce,70% 1RM,3
22,-0.825,No-Bounce,70% 1RM,3
24,-0.792,No-Bounce,70% 1RM,3
26,-0.688,No-Bounce,70% 1RM,3
28,-0.590,No-Bounce,70% 1RM,3
30,-0.516,No-Bounce,70% 1RM,3
32,-0.395,No-Bounce,70% 1RM,3
34,-0.259,No-Bounce,70% 1RM,3
36,-0.182,No-Bounce,70% 1RM,3
38,-0.078,No-Bounce,70% 1RM,3
40,-0.006,No-Bounce,70% 1RM,3
42,0.045,No-Bounce,70% 1RM,3
44,0.110,No-Bounce,70% 1RM,3
46,0.166,No-Bounce,70% 1RM,3
48,0.213,No-Bounce,70% 1RM,3
50,0.267,No-Bounce,70% 1RM,3
52,0.327,No-Bounce,70% 1RM,3
54,0.371,No-Bounce,70% 1RM,3
56,0.386,No-Bounce,70% 1RM,3
58,0.450,No-Bounce,70% 1RM,3
60,0.468,No-Bounce,70% 1RM,3
62,0.502,No-Bounce,70% 1RM,3
64,0.541,No-Bounce,70% 1RM,3
66,0.606,No-Bounce,70% 1RM,3
68,0.636,No-Bounce,70% 1RM,3
70,0.630,No-Bounce,70% 1RM,3
72,0.649,No-Bounce,70% 1RM,3
74,0.669,No-Bounce,70% 1RM,3
76,0.696,No-Bounce,70% 1RM,3
78,0.731,No-Bounce,70% 1RM,3
80,0.755,No-Bounce,70% 1RM,3
82,0.794,No-Bounce,70% 1RM,3
84,0.866,No-Bounce,70% 1RM,3
86,1.033,No-Bounce,70% 1RM,3
88,1.152,No-Bounce,70% 1RM,3
90,1.181,No-Bounce,70% 1RM,3
92,1.069,No-Bounce,70% 1RM,3
94,0.821,No-Bounce,70% 1RM,3
96,0.568,No-Bounce,70% 1RM,3
98,0.290,No-Bounce,70% 1RM,3
100,0.083,No-Bounce,70% 1RM,3
0,-0.098,No-Bounce,70% 1RM,4
2,-0.155,No-Bounce,70% 1RM,4
4,-0.236,No-Bounce,70% 1RM,4
6,-0.286,No-Bounce,70% 1RM,4
8,-0.397,No-Bounce,70% 1RM,4
10,-0.507,No-Bounce,70% 1RM,4
12,-0.613,No-Bounce,70% 1RM,4
14,-0.717,No-Bounce,70% 1RM,4
16,-0.773,No-Bounce,70% 1RM,4
18,-0.857,No-Bounce,70% 1RM,4
20,-0.868,No-Bounce,70% 1RM,4
22,-0.843,No-Bounce,70% 1RM,4
24,-0.786,No-Bounce,70% 1RM,4
26,-0.715,No-Bounce,70% 1RM,4
28,-0.583,No-Bounce,70% 1RM,4
30,-0.506,No-Bounce,70% 1RM,4
32,-0.380,No-Bounce,70% 1RM,4
34,-0.221,No-Bounce,70% 1RM,4
36,-0.163,No-Bounce,70% 1RM,4
38,-0.104,No-Bounce,70% 1RM,4
40,-0.012,No-Bounce,70% 1RM,4
42,0.073,No-Bounce,70% 1RM,4
44,0.119,No-Bounce,70% 1RM,4
46,0.157,No-Bounce,70% 1RM,4
48,0.241,No-Bounce,70% 1RM,4
50,0.266,No-Bounce,70% 1RM,4
52,0.320,No-Bounce,70% 1RM,4
54,0.378,No-Bounce,70% 1RM,4
56,0.434,No-Bounce,70% 1RM,4
58,0.458,No-Bounce,70% 1RM,4
60,0.455,No-Bounce,70% 1RM,4
62,0.513,No-Bounce,70% 1RM,4
64,0.515,No-Bounce,70% 1RM,4
66,0.569,No-Bounce,70% 1RM,4
68,0.599,No-Bounce,70% 1RM,4
70,0.665,No-Bounce,70% 1RM,4
72,0.663,No-Bounce,70% 1RM,4
74,0.699,No-Bounce,70% 1RM,4
76,0.718,No-Bounce,70% 1RM,4
78,0.718,No-Bounce,70% 1RM,4
80,0.714,No-Bounce,70% 1RM,4
82,0.830,No-Bounce,70% 1RM,4
84,0.900,No-Bounce,70% 1RM,4
86,1.014,No-Bounce,70% 1RM,4
88,1.113,No-Bounce,70% 1RM,4
90,1.161,No-Bounce,70% 1RM,4
92,1.047,No-Bounce,70% 1RM,4
94,0.838,No-Bounce,70% 1RM,4
96,0.579,No-Bounce,70% 1RM,4
98,0.264,No-Bounce,70% 1RM,4
100,0.063,No-Bounce,70% 1RM,4
0,-0.077,No-Bounce,70% 1RM,5
2,-0.111,No-Bounce,70% 1RM,5
4,-0.143,No-Bounce,70% 1RM,5
6,-0.266,No-Bounce,70% 1RM,5
8,-0.372,No-Bounce,70% 1RM,5
10,-0.449,No-Bounce,70% 1RM,5
12,-0.550,No-Bounce,70% 1RM,5
14,-0.686,No-Bounce,70% 1RM,5
16,-0.773,No-Bounce,70% 1RM,5
18,-0.830,No-Bounce,70% 1RM,5
20,-0.834,No-Bounce,70% 1RM,5
22,-0.771,No-Bounce,70% 1RM,5
24,-0.756,No-Bounce,70% 1RM,5
26,-0.639,No-Bounce,70% 1RM,5
28,-0.560,No-Bounce,70% 1RM,5
30,-0.457,No-Bounce,70% 1RM,5
32,-0.328,No-Bounce,70% 1RM,5
34,-0.230,No-Bounce,70% 1RM,5
36,-0.120,No-Bounce,70% 1RM,5
38,0.003,No-Bounce,70% 1RM,5
40,0.062,No-Bounce,70% 1RM,5
42,0.089,No-Bounce,70% 1RM,5
44,0.126,No-Bounce,70% 1RM,5
46,0.214,No-Bounce,70% 1RM,5
48,0.281,No-Bounce,70% 1RM,5
50,0.318,No-Bounce,70% 1RM,5
52,0.380,No-Bounce,70% 1RM,5
54,0.451,No-Bounce,70% 1RM,5
56,0.448,No-Bounce,70% 1RM,5
58,0.516,No-Bounce,70% 1RM,5
60,0.522,No-Bounce,70% 1RM,5
62,0.552,No-Bounce,70% 1RM,5
64,0.574,No-Bounce,70% 1RM,5
66,0.625,No-Bounce,70% 1RM,5
68,0.651,No-Bounce,70% 1RM,5
70,0.686,No-Bounce,70% 1RM,5
72,0.727,No-Bounce,70% 1RM,5
74,0.759,No-Bounce,70% 1RM,5
76,0.745,No-Bounce,70% 1RM,5
78,0.795,No-Bounce,70% 1RM,5
80,0.818,No-Bounce,70% 1RM,5
82,0.864,No-Bounce,70% 1RM,5
84,0.924,No-Bounce,70% 1RM,5
86,1.060,No-Bounce,70% 1RM,5
88,1.165,No-Bounce,70% 1RM,5
90,1.213,No-Bounce,70% 1RM,5
92,1.144,No-Bounce,70% 1RM,5
94,0.899,No-Bounce,70% 1RM,5
96,0.623,No-Bounce,70% 1RM,5
98,0.292,No-Bounce,70% 1RM,5
100,0.121,No-Bounce,70% 1RM,5
0,-0.095,No-Bounce,70% 1RM,6
2,-0.162,No-Bounce,70% 1RM,6
4,-0.176,No-Bounce,70% 1RM,6
6,-0.283,No-Bounce,70% 1RM,6
8,-0.371,No-Bounce,70% 1RM,6
10,-0.487,No-Bounce,70% 1RM,6
12,-0.616,No-Bounce,70% 1RM,6
14,-0.696,No-Bounce,70% 1RM,6
16,-0.735,No-Bounce,70% 1RM,6
18,-0.829,No-Bounce,70% 1RM,6
20,-0.837,No-Bounce,70% 1RM,6
22,-0.830,No-Bounce,70% 1RM,6
24,-0.755,No-Bounce,70% 1RM,6
26,-0.661,No-Bounce,70% 1RM,6
28,-0.562,No-Bounce,70% 1RM,6
30,-0.473,No-Bounce,70% 1RM,6
32,-0.348,No-Bounce,70% 1RM,6
34,-0.221,No-Bounce,70% 1RM,6
36,-0.139,No-Bounce,70% 1RM,6
38,-0.086,No-Bounce,70% 1RM,6
40,0.039,No-Bounce,70% 1RM,6
42,0.105,No-Bounce,70% 1RM,6
44,0.150,No-Bounce,70% 1RM,6
46,0.207,No-Bounce,70% 1RM,6
48,0.232,No-Bounce,70% 1RM,6
50,0.332,No-Bounce,70% 1RM,6
52,0.338,No-Bounce,70% 1RM,6
54,0.410,No-Bounce,70% 1RM,6
56,0.413,No-Bounce,70% 1RM,6
58,0.494,No-Bounce,70% 1RM,6
60,0.517,No-Bounce,70% 1RM,6
62,0.552,No-Bounce,70% 1RM,6
64,0.572,No-Bounce,70% 1RM,6
66,0.605,No-Bounce,70% 1RM,6
68,0.629,No-Bounce,70% 1RM,6
70,0.677,No-Bounce,70% 1RM,6
72,0.692,No-Bounce,70% 1RM,6
74,0.718,No-Bounce,70% 1RM,6
76,0.741,No-Bounce,70% 1RM,6
78,0.745,No-Bounce,70% 1RM,6
80,0.781,No-Bounce,70% 1RM,6
82,0.836,No-Bounce,70% 1RM,6
84,0.889,No-Bounce,70% 1RM,6
86,1.027,No-Bounce,70% 1RM,6
88,1.143,No-Bounce,70% 1RM,6
90,1.193,No-Bounce,70% 1RM,6
92,1.088,No-Bounce,70% 1RM,6
94,0.898,No-Bounce,70% 1RM,6
96,0.583,No-Bounce,70% 1RM,6
98,0.279,No-Bounce,70% 1RM,6
100,0.111,No-Bounce,70% 1RM,6
0,-0.132,Bounce,80% 1RM,1
2,-0.143,Bounce,80% 1RM,1
4,-0.195,Bounce,80% 1RM,1
6,-0.304,Bounce,80% 1RM,1
8,-0.413,Bounce,80% 1RM,1
10,-0.528,Bounce,80% 1RM,1
12,-0.639,Bounce,80% 1RM,1
14,-0.736,Bounce,80% 1RM,1
16,-0.795,Bounce,80% 1RM,1
18,-0.825,Bounce,80% 1RM,1
20,-0.847,Bounce,80% 1RM,1
22,-0.841,Bounce,80% 1RM,1
24,-0.803,Bounce,80% 1RM,1
26,-0.742,Bounce,80% 1RM,1
28,-0.613,Bounce,80% 1RM,1
30,-0.498,Bounce,80% 1RM,1
32,-0.362,Bounce,80% 1RM,1
34,-0.263,Bounce,80% 1RM,1
36,-0.130,Bounce,80% 1RM,1
38,-0.069,Bounce,80% 1RM,1
40,0.018,Bounce,80% 1RM,1
42,0.094,Bounce,80% 1RM,1
44,0.156,Bounce,80% 1RM,1
46,0.219,Bounce,80% 1RM,1
48,0.288,Bounce,80% 1RM,1
50,0.341,Bounce,80% 1RM,1
52,0.388,Bounce,80% 1RM,1
54,0.454,Bounce,80% 1RM,1
56,0.525,Bounce,80% 1RM,1
58,0.565,Bounce,80% 1RM,1
60,0.593,Bounce,80% 1RM,1
62,0.645,Bounce,80% 1RM,1
64,0.651,Bounce,80% 1RM,1
66,0.690,Bounce,80% 1RM,1
68,0.666,Bounce,80% 1RM,1
70,0.686,Bounce,80% 1RM,1
72,0.701,Bounce,80% 1RM,1
74,0.697,Bounce,80% 1RM,1
76,0.706,Bounce,80% 1RM,1
78,0.681,Bounce,80% 1RM,1
80,0.713,Bounce,80% 1RM,1
82,0.709,Bounce,80% 1RM,1
84,0.836,Bounce,80% 1RM,1
86,0.918,Bounce,80% 1RM,1
88,1.020,Bounce,80% 1RM,1
90,1.043,Bounce,80% 1RM,1
92,0.959,Bounce,80% 1RM,1
94,0.772,Bounce,80% 1RM,1
96,0.480,Bounce,80% 1RM,1
98,0.263,Bounce,80% 1RM,1
100,0.086,Bounce,80% 1RM,1
0,-0.131,Bounce,80% 1RM,2
2,-0.188,Bounce,80% 1RM,2
4,-0.269,Bounce,80% 1RM,2
6,-0.338,Bounce,80% 1RM,2
8,-0.448,Bounce,80% 1RM,2
10,-0.564,Bounce,80% 1RM,2
12,-0.694,Bounce,80% 1RM,2
14,-0.786,Bounce,80% 1RM,2
16,-0.842,Bounce,80% 1RM,2
18,-0.918,Bounce,80% 1RM,2
20,-0.914,Bounce,80% 1RM,2
22,-0.896,Bounce,80% 1RM,2
24,-0.835,Bounce,80% 1RM,2
26,-0.750,Bounce,80% 1RM,2
28,-0.650,Bounce,80% 1RM,2
30,-0.555,Bounce,80% 1RM,2
32,-0.419,Bounce,80% 1RM,2
34,-0.282,Bounce,80% 1RM,2
36,-0.193,Bounce,80% 1RM,2
38,-0.102,Bounce,80% 1RM,2
40,-0.025,Bounce,80% 1RM,2
42,0.049,Bounce,80% 1RM,2
44,0.133,Bounce,80% 1RM,2
46,0.164,Bounce,80% 1RM,2
48,0.234,Bounce,80% 1RM,2
50,0.271,Bounce,80% 1RM,2
52,0.356,Bounce,80% 1RM,2
54,0.448,Bounce,80% 1RM,2
56,0.443,Bounce,80% 1RM,2
58,0.528,Bounce,80% 1RM,2
60,0.585,Bounce,80% 1RM,2
62,0.566,Bounce,80% 1RM,2
64,0.585,Bounce,80% 1RM,2
66,0.608,Bounce,80% 1RM,2
68,0.634,Bounce,80% 1RM,2
70,0.626,Bounce,80% 1RM,2
72,0.656,Bounce,80% 1RM,2
74,0.666,Bounce,80% 1RM,2
76,0.632,Bounce,80% 1RM,2
78,0.655,Bounce,80% 1RM,2
80,0.684,Bounce,80% 1RM,2
82,0.702,Bounce,80% 1RM,2
84,0.803,Bounce,80% 1RM,2
86,0.852,Bounce,80% 1RM,2
88,0.998,Bounce,80% 1RM,2
90,1.011,Bounce,80% 1RM,2
92,0.911,Bounce,80% 1RM,2
94,0.745,Bounce,80% 1RM,2
96,0.483,Bounce,80% 1RM,2
98,0.221,Bounce,80% 1RM,2
100,0.068,Bounce,80% 1RM,2
0,-0.065,Bounce,80% 1RM,3
2,-0.129,Bounce,80% 1RM,3
4,-0.230,Bounce,80% 1RM,3
6,-0.304,Bounce,80% 1RM,3
8,-0.415,Bounce,80% 1RM,3
10,-0.476,Bounce,80% 1RM,3
12,-0.608,Bounce,80% 1RM,3
14,-0.707,Bounce,80% 1RM,3
16,-0.813,Bounce,80% 1RM,3
18,-0.845,Bounce,80% 1RM,3
20,-0.866,Bounce,80% 1RM,3
22,-0.840,Bounce,80% 1RM,3
24,-0.773,Bounce,80% 1RM,3
26,-0.704,Bounce,80% 1RM,3
28,-0.604,Bounce,80% 1RM,3
30,-0.508,Bounce,80% 1RM,3
32,-0.409,Bounce,80% 1RM,3
34,-0.263,Bounce,80% 1RM,3
36,-0.163,Bounce,80% 1RM,3
38,-0.064,Bounce,80% 1RM,3
40,0.019,Bounce,80% 1RM,3
42,0.076,Bounce,80% 1RM,3
44,0.159,Bounce,80% 1RM,3
46,0.238,Bounce,80% 1RM,3
48,0.240,Bounce,80% 1RM,3
50,0.342,Bounce,80% 1RM,3
52,0.435,Bounce,80% 1RM,3
54,0.437,Bounce,80% 1RM,3
56,0.507,Bounce,80% 1RM,3
58,0.548,Bounce,80% 1RM,3
60,0.588,Bounce,80% 1RM,3
62,0.633,Bounce,80% 1RM,3
64,0.647,Bounce,80% 1RM,3
66,0.657,Bounce,80% 1RM,3
68,0.665,Bounce,80% 1RM,3
70,0.650,Bounce,80% 1RM,3
72,0.659,Bounce,80% 1RM,3
74,0.677,Bounce,80% 1RM,3
76,0.681,Bounce,80% 1RM,3
78,0.668,Bounce,80% 1RM,3
80,0.706,Bounce,80% 1RM,3
82,0.735,Bounce,80% 1RM,3
84,0.793,Bounce,80% 1RM,3
86,0.906,Bounce,80% 1RM,3
88,0.974,Bounce,80% 1RM,3
90,1.060,Bounce,80% 1RM,3
92,0.937,Bounce,80% 1RM,3
94,0.766,Bounce,80% 1RM,3
96,0.472,Bounce,80% 1RM,3
98,0.240,Bounce,80% 1RM,3
100,0.070,Bounce,80% 1RM,3
0,-0.079,Bounce,80% 1RM,4
2,-0.138,Bounce,80% 1RM,4
4,-0.173,Bounce,80% 1RM,4
6,-0.302,Bounce,80% 1RM,4
8,-0.411,Bounce,80% 1RM,4
10,-0.514,Bounce,80% 1RM,4
12,-0.566,Bounce,80% 1RM,4
14,-0.742,Bounce,80% 1RM,4
16,-0.816,Bounce,80% 1RM,4
18,-0.832,Bounce,80% 1RM,4
20,-0.868,Bounce,80% 1RM,4
22,-0.865,Bounce,80% 1RM,4
24,-0.783,Bounce,80% 1RM,4
26,-0.708,Bounce,80% 1RM,4
28,-0.583,Bounce,80% 1RM,4
30,-0.466,Bounce,80% 1RM,4
32,-0.336,Bounce,80% 1RM,4
34,-0.236,Bounce,80% 1RM,4
36,-0.138,Bounce,80% 1RM,4
38,-0.044,Bounce,80% 1RM,4
40,0.039,Bounce,80% 1RM,4
42,0.071,Bounce,80% 1RM,4
44,0.153,Bounce,80% 1RM,4
46,0.216,Bounce,80% 1RM,4
48,0.323,Bounce,80% 1RM,4
50,0.358,Bounce,80% 1RM,4
52,0.418,Bounce,80% 1RM,4
54,0.481,Bounce,80% 1RM,4
56,0.541,Bounce,80% 1RM,4
58,0.536,Bounce,80% 1RM,4
60,0.610,Bounce,80% 1RM,4
62,0.604,Bounce,80% 1RM,4
64,0.681,Bounce,80% 1RM,4
66,0.685,Bounce,80% 1RM,4
68,0.673,Bounce,80% 1RM,4
70,0.696,Bounce,80% 1RM,4
72,0.690,Bounce,80% 1RM,4
74,0.698,Bounce,80% 1RM,4
76,0.738,Bounce,80% 1RM,4
78,0.696,Bounce,80% 1RM,4
80,0.712,Bounce,80% 1RM,4
82,0.782,Bounce,80% 1RM,4
84,0.829,Bounce,80% 1RM,4
86,0.934,Bounce,80% 1RM,4
88,1.032,Bounce,80% 1RM,4
90,1.047,Bounce,80% 1RM,4
92,1.002,Bounce,80% 1RM,4
94,0.791,Bounce,80% 1RM,4
96,0.530,Bounce,80% 1RM,4
98,0.259,Bounce,80% 1RM,4
100,0.067,Bounce,80% 1RM,4
0,-0.129,Bounce,80% 1RM,5
2,-0.142,Bounce,80% 1RM,5
4,-0.216,Bounce,80% 1RM,5
6,-0.306,Bounce,80% 1RM,5
8,-0.378,Bounce,80% 1RM,5
10,-0.499,Bounce,80% 1RM,5
12,-0.617,Bounce,80% 1RM,5
14,-0.710,Bounce,80% 1RM,5
16,-0.789,Bounce,80% 1RM,5
18,-0.819,Bounce,80% 1RM,5
20,-0.870,Bounce,80% 1RM,5
22,-0.844,Bounce,80% 1RM,5
24,-0.772,Bounce,80% 1RM,5
26,-0.712,Bounce,80% 1RM,5
28,-0.603,Bounce,80% 1RM,5
30,-0.449,Bounce,80% 1RM,5
32,-0.363,Bounce,80% 1RM,5
34,-0.228,Bounce,80% 1RM,5
36,-0.139,Bounce,80% 1RM,5
38,-0.041,Bounce,80% 1RM,5
40,0.055,Bounce,80% 1RM,5
42,0.089,Bounce,80% 1RM,5
44,0.153,Bounce,80% 1RM,5
46,0.216,Bounce,80% 1RM,5
48,0.253,Bounce,80% 1RM,5
50,0.345,Bounce,80% 1RM,5
52,0.443,Bounce,80% 1RM,5
54,0.482,Bounce,80% 1RM,5
56,0.535,Bounce,80% 1RM,5
58,0.566,Bounce,80% 1RM,5
60,0.579,Bounce,80% 1RM,5
62,0.621,Bounce,80% 1RM,5
64,0.651,Bounce,80% 1RM,5
66,0.690,Bounce,80% 1RM,5
68,0.673,Bounce,80% 1RM,5
70,0.640,Bounce,80% 1RM,5
72,0.696,Bounce,80% 1RM,5
74,0.734,Bounce,80% 1RM,5
76,0.712,Bounce,80% 1RM,5
78,0.721,Bounce,80% 1RM,5
80,0.706,Bounce,80% 1RM,5
82,0.757,Bounce,80% 1RM,5
84,0.815,Bounce,80% 1RM,5
86,0.893,Bounce,80% 1RM,5
88,1.046,Bounce,80% 1RM,5
90,1.061,Bounce,80% 1RM,5
92,0.980,Bounce,80% 1RM,5
94,0.779,Bounce,80% 1RM,5
96,0.520,Bounce,80% 1RM,5
98,0.274,Bounce,80% 1RM,5
100,0.093,Bounce,80% 1RM,5
0,-0.104,Bounce,80% 1RM,6
2,-0.139,Bounce,80% 1RM,6
4,-0.226,Bounce,80% 1RM,6
6,-0.309,Bounce,80% 1RM,6
8,-0.364,Bounce,80% 1RM,6
10,-0.482,Bounce,80% 1RM,6
12,-0.607,Bounce,80% 1RM,6
14,-0.712,Bounce,80% 1RM,6
16,-0.783,Bounce,80% 1RM,6
18,-0.836,Bounce,80% 1RM,6
20,-0.850,Bounce,80% 1RM,6
22,-0.802,Bounce,80% 1RM,6
24,-0.780,Bounce,80% 1RM,6
26,-0.710,Bounce,80% 1RM,6
28,-0.580,Bounce,80% 1RM,6
30,-0.476,Bounce,80% 1RM,6
32,-0.349,Bounce,80% 1RM,6
34,-0.213,Bounce,80% 1RM,6
36,-0.139,Bounce,80% 1RM,6
38,-0.037,Bounce,80% 1RM,6
40,0.045,Bounce,80% 1RM,6
42,0.138,Bounce,80% 1RM,6
44,0.146,Bounce,80% 1RM,6
46,0.209,Bounce,80% 1RM,6
48,0.279,Bounce,80% 1RM,6
50,0.385,Bounce,80% 1RM,6
52,0.404,Bounce,80% 1RM,6
54,0.491,Bounce,80% 1RM,6
56,0.528,Bounce,80% 1RM,6
58,0.557,Bounce,80% 1RM,6
60,0.599,Bounce,80% 1RM,6
62,0.620,Bounce,80% 1RM,6
64,0.673,Bounce,80% 1RM,6
66,0.652,Bounce,80% 1RM,6
68,0.688,Bounce,80% 1RM,6
70,0.698,Bounce,80% 1RM,6
72,0.686,Bounce,80% 1RM,6
74,0.695,Bounce,80% 1RM,6
76,0.700,Bounce,80% 1RM,6
78,0.720,Bounce,80% 1RM,6
80,0.698,Bounce,80% 1RM,6
82,0.732,Bounce,80% 1RM,6
84,0.789,Bounce,80% 1RM,6
86,0.910,Bounce,80% 1RM,6
88,1.013,Bounce,80% 1RM,6
90,1.060,Bounce,80% 1RM,6
92,0.974,Bounce,80% 1RM,6
94,0.794,Bounce,80% 1RM,6
96,0.537,Bounce,80% 1RM,6
98,0.251,Bounce,80% 1RM,6
100,0.065,Bounce,80% 1RM,6
0,-0.076,No-Bounce,80% 1RM,1
2,-0.160,No-Bounce,80% 1RM,1
4,-0.228,No-Bounce,80% 1RM,1
6,-0.319,No-Bounce,80% 1RM,1
8,-0.376,No-Bounce,80% 1RM,1
10,-0.482,No-Bounce,80% 1RM,1
12,-0.611,No-Bounce,80% 1RM,1
14,-0.718,No-Bounce,80% 1RM,1
16,-0.801,No-Bounce,80% 1RM,1
18,-0.828,No-Bounce,80% 1RM,1
20,-0.875,No-Bounce,80% 1RM,1
22,-0.833,No-Bounce,80% 1RM,1
24,-0.787,No-Bounce,80% 1RM,1
26,-0.665,No-Bounce,80% 1RM,1
28,-0.607,No-Bounce,80% 1RM,1
30,-0.486,No-Bounce,80% 1RM,1
32,-0.364,No-Bounce,80% 1RM,1
34,-0.208,No-Bounce,80% 1RM,1
36,-0.130,No-Bounce,80% 1RM,1
38,-0.076,No-Bounce,80% 1RM,1
40,0.006,No-Bounce,80% 1RM,1
42,0.074,No-Bounce,80% 1RM,1
44,0.144,No-Bounce,80% 1RM,1
46,0.173,No-Bounce,80% 1RM,1
48,0.224,No-Bounce,80% 1RM,1
50,0.239,No-Bounce,80% 1RM,1
52,0.270,No-Bounce,80% 1RM,1
54,0.322,No-Bounce,80% 1RM,1
56,0.358,No-Bounce,80% 1RM,1
58,0.376,No-Bounce,80% 1RM,1
60,0.435,No-Bounce,80% 1RM,1
62,0.503,No-Bounce,80% 1RM,1
64,0.498,No-Bounce,80% 1RM,1
66,0.531,No-Bounce,80% 1RM,1
68,0.572,No-Bounce,80% 1RM,1
70,0.597,No-Bounce,80% 1RM,1
72,0.630,No-Bounce,80% 1RM,1
74,0.636,No-Bounce,80% 1RM,1
76,0.654,No-Bounce,80% 1RM,1
78,0.672,No-Bounce,80% 1RM,1
80,0.704,No-Bounce,80% 1RM,1
82,0.746,No-Bounce,80% 1RM,1
84,0.794,No-Bounce,80% 1RM,1
86,0.942,No-Bounce,80% 1RM,1
88,1.007,No-Bounce,80% 1RM,1
90,1.042,No-Bounce,80% 1RM,1
92,0.990,No-Bounce,80% 1RM,1
94,0.783,No-Bounce,80% 1RM,1
96,0.499,No-Bounce,80% 1RM,1
98,0.265,No-Bounce,80% 1RM,1
100,0.120,No-Bounce,80% 1RM,1
0,-0.115,No-Bounce,80% 1RM,2
2,-0.140,No-Bounce,80% 1RM,2
4,-0.227,No-Bounce,80% 1RM,2
6,-0.303,No-Bounce,80% 1RM,2
8,-0.399,No-Bounce,80% 1RM,2
10,-0.541,No-Bounce,80% 1RM,2
12,-0.619,No-Bounce,80% 1RM,2
14,-0.706,No-Bounce,80% 1RM,2
16,-0.805,No-Bounce,80% 1RM,2
18,-0.865,No-Bounce,80% 1RM,2
20,-0.890,No-Bounce,80% 1RM,2
22,-0.826,No-Bounce,80% 1RM,2
24,-0.791,No-Bounce,80% 1RM,2
26,-0.728,No-Bounce,80% 1RM,2
28,-0.588,No-Bounce,80% 1RM,2
30,-0.483,No-Bounce,80% 1RM,2
32,-0.388,No-Bounce,80% 1RM,2
34,-0.274,No-Bounce,80% 1RM,2
36,-0.211,No-Bounce,80% 1RM,2
38,-0.095,No-Bounce,80% 1RM,2
40,-0.051,No-Bounce,80% 1RM,2
42,0.054,No-Bounce,80% 1RM,2
44,0.090,No-Bounce,80% 1RM,2
46,0.148,No-Bounce,80% 1RM,2
48,0.227,No-Bounce,80% 1RM,2
50,0.203,No-Bounce,80% 1RM,2
52,0.304,No-Bounce,80% 1RM,2
54,0.312,No-Bounce,80% 1RM,2
56,0.339,No-Bounce,80% 1RM,2
58,0.400,No-Bounce,80% 1RM,2
60,0.416,No-Bounce,80% 1RM,2
62,0.420,No-Bounce,80% 1RM,2
64,0.466,No-Bounce,80% 1RM,2
66,0.513,No-Bounce,80% 1RM,2
68,0.549,No-Bounce,80% 1RM,2
70,0.566,No-Bounce,80% 1RM,2
72,0.591,No-Bounce,80% 1RM,2
74,0.589,No-Bounce,80% 1RM,2
76,0.608,No-Bounce,80% 1RM,2
78,0.663,No-Bounce,80% 1RM,2
80,0.666,No-Bounce,80% 1RM,2
82,0.722,No-Bounce,80% 1RM,2
84,0.779,No-Bounce,80% 1RM,2
86,0.848,No-Bounce,80% 1RM,2
88,0.947,No-Bounce,80% 1RM,2
90,1.034,No-Bounce,80% 1RM,2
92,0.894,No-Bounce,80% 1RM,2
94,0.742,No-Bounce,80% 1RM,2
96,0.511,No-Bounce,80% 1RM,2
98,0.207,No-Bounce,80% 1RM,2
100,0.064,No-Bounce,80% 1RM,2
0,-0.105,No-Bounce,80% 1RM,3
2,-0.129,No-Bounce,80% 1RM,3
4,-0.258,No-Bounce,80% 1RM,3
6,-0.344,No-Bounce,80% 1RM,3
8,-0.409,No-Bounce,80% 1RM,3
10,-0.559,No-Bounce,80% 1RM,3
12,-0.676,No-Bounce,80% 1RM,3
14,-0.727,No-Bounce,80% 1RM,3
16,-0.876,No-Bounce,80% 1RM,3
18,-0.874,No-Bounce,80% 1RM,3
20,-0.899,No-Bounce,80% 1RM,3
22,-0.895,No-Bounce,80% 1RM,3
24,-0.836,No-Bounce,80% 1RM,3
26,-0.763,No-Bounce,80% 1RM,3
28,-0.636,No-Bounce,80% 1RM,3
30,-0.505,No-Bounce,80% 1RM,3
32,-0.405,No-Bounce,80% 1RM,3
34,-0.311,No-Bounce,80% 1RM,3
36,-0.181,No-Bounce,80% 1RM,3
38,-0.108,No-Bounce,80% 1RM,3
40,-0.066,No-Bounce,80% 1RM,3
42,0.015,No-Bounce,80% 1RM,3
44,0.084,No-Bounce,80% 1RM,3
46,0.150,No-Bounce,80% 1RM,3
48,0.144,No-Bounce,80% 1RM,3
50,0.250,No-Bounce,80% 1RM,3
52,0.242,No-Bounce,80% 1RM,3
54,0.269,No-Bounce,80% 1RM,3
56,0.327,No-Bounce,80% 1RM,3
58,0.331,No-Bounce,80% 1RM,3
60,0.420,No-Bounce,80% 1RM,3
62,0.430,No-Bounce,80% 1RM,3
64,0.464,No-Bounce,80% 1RM,3
66,0.463,No-Bounce,80% 1RM,3
68,0.513,No-Bounce,80% 1RM,3
70,0.540,No-Bounce,80% 1RM,3
72,0.592,No-Bounce,80% 1RM,3
74,0.608,No-Bounce,80% 1RM,3
76,0.610,No-Bounce,80% 1RM,3
78,0.656,No-Bounce,80% 1RM,3
80,0.655,No-Bounce,80% 1RM,3
82,0.667,No-Bounce,80% 1RM,3
84,0.762,No-Bounce,80% 1RM,3
86,0.886,No-Bounce,80% 1RM,3
88,0.939,No-Bounce,80% 1RM,3
90,1.018,No-Bounce,80% 1RM,3
92,0.899,No-Bounce,80% 1RM,3
94,0.721,No-Bounce,80% 1RM,3
96,0.479,No-Bounce,80% 1RM,3
98,0.215,No-Bounce,80% 1RM,3
100,0.052,No-Bounce,80% 1RM,3
0,-0.123,No-Bounce,80% 1RM,4
2,-0.145,No-Bounce,80% 1RM,4
4,-0.223,No-Bounce,80% 1RM,4
6,-0.324,No-Bounce,80% 1RM,4
8,-0.414,No-Bounce,80% 1RM,4
10,-0.519,No-Bounce,80% 1RM,4
12,-0.642,No-Bounce,80% 1RM,4
14,-0.734,No-Bounce,80% 1RM,4
16,-0.822,No-Bounce,80% 1RM,4
18,-0.869,No-Bounce,80% 1RM,4
20,-0.903,No-Bounce,80% 1RM,4
22,-0.856,No-Bounce,80% 1RM,4
24,-0.792,No-Bounce,80% 1RM,4
26,-0.723,No-Bounce,80% 1RM,4
28,-0.606,No-Bounce,80% 1RM,4
30,-0.488,No-Bounce,80% 1RM,4
32,-0.353,No-Bounce,80% 1RM,4
34,-0.266,No-Bounce,80% 1RM,4
36,-0.158,No-Bounce,80% 1RM,4
38,-0.124,No-Bounce,80% 1RM,4
40,-0.007,No-Bounce,80% 1RM,4
42,0.058,No-Bounce,80% 1RM,4
44,0.111,No-Bounce,80% 1RM,4
46,0.160,No-Bounce,80% 1RM,4
48,0.196,No-Bounce,80% 1RM,4
50,0.247,No-Bounce,80% 1RM,4
52,0.278,No-Bounce,80% 1RM,4
54,0.357,No-Bounce,80% 1RM,4
56,0.358,No-Bounce,80% 1RM,4
58,0.415,No-Bounce,80% 1RM,4
60,0.395,No-Bounce,80% 1RM,4
62,0.442,No-Bounce,80% 1RM,4
64,0.481,No-Bounce,80% 1RM,4
66,0.502,No-Bounce,80% 1RM,4
68,0.550,No-Bounce,80% 1RM,4
70,0.594,No-Bounce,80% 1RM,4
72,0.593,No-Bounce,80% 1RM,4
74,0.624,No-Bounce,80% 1RM,4
76,0.640,No-Bounce,80% 1RM,4
78,0.693,No-Bounce,80% 1RM,4
80,0.727,No-Bounce,80% 1RM,4
82,0.710,No-Bounce,80% 1RM,4
84,0.807,No-Bounce,80% 1RM,4
86,0.891,No-Bounce,80% 1RM,4
88,0.952,No-Bounce,80% 1RM,4
90,1.040,No-Bounce,80% 1RM,4
92,0.936,No-Bounce,80% 1RM,4
94,0.771,No-Bounce,80% 1RM,4
96,0.512,No-Bounce,80% 1RM,4
98,0.227,No-Bounce,80% 1RM,4
100,0.076,No-Bounce,80% 1RM,4
0,-0.140,No-Bounce,80% 1RM,5
2,-0.200,No-Bounce,80% 1RM,5
4,-0.236,No-Bounce,80% 1RM,5
6,-0.311,No-Bounce,80% 1RM,5
8,-0.444,No-Bounce,80% 1RM,5
10,-0.498,No-Bounce,80% 1RM,5
12,-0.664,No-Bounce,80% 1RM,5
14,-0.732,No-Bounce,80% 1RM,5
16,-0.836,No-Bounce,80% 1RM,5
18,-0.905,No-Bounce,80% 1RM,5
20,-0.909,No-Bounce,80% 1RM,5
22,-0.912,No-Bounce,80% 1RM,5
24,-0.802,No-Bounce,80% 1RM,5
26,-0.722,No-Bounce,80% 1RM,5
28,-0.630,No-Bounce,80% 1RM,5
30,-0.561,No-Bounce,80% 1RM,5
32,-0.421,No-Bounce,80% 1RM,5
34,-0.309,No-Bounce,80% 1RM,5
36,-0.200,No-Bounce,80% 1RM,5
38,-0.090,No-Bounce,80% 1RM,5
40,-0.058,No-Bounce,80% 1RM,5
42,0.020,No-Bounce,80% 1RM,5
44,0.103,No-Bounce,80% 1RM,5
46,0.149,No-Bounce,80% 1RM,5
48,0.182,No-Bounce,80% 1RM,5
50,0.214,No-Bounce,80% 1RM,5
52,0.249,No-Bounce,80% 1RM,5
54,0.292,No-Bounce,80% 1RM,5
56,0.315,No-Bounce,80% 1RM,5
58,0.333,No-Bounce,80% 1RM,5
60,0.416,No-Bounce,80% 1RM,5
62,0.402,No-Bounce,80% 1RM,5
64,0.464,No-Bounce,80% 1RM,5
66,0.486,No-Bounce,80% 1RM,5
68,0.511,No-Bounce,80% 1RM,5
70,0.546,No-Bounce,80% 1RM,5
72,0.581,No-Bounce,80% 1RM,5
74,0.587,No-Bounce,80% 1RM,5
76,0.591,No-Bounce,80% 1RM,5
78,0.649,No-Bounce,80% 1RM,5
80,0.660,No-Bounce,80% 1RM,5
82,0.674,No-Bounce,80% 1RM,5
84,0.765,No-Bounce,80% 1RM,5
86,0.877,No-Bounce,80% 1RM,5
88,0.984,No-Bounce,80% 1RM,5
90,1.018,No-Bounce,80% 1RM,5
92,0.909,No-Bounce,80% 1RM,5
94,0.733,No-Bounce,80% 1RM,5
96,0.489,No-Bounce,80% 1RM,5
98,0.207,No-Bounce,80% 1RM,5
100,0.044,No-Bounce,80% 1RM,5
0,-0.127,No-Bounce,80% 1RM,6
2,-0.149,No-Bounce,80% 1RM,6
4,-0.202,No-Bounce,80% 1RM,6
6,-0.309,No-Bounce,80% 1RM,6
8,-0.419,No-Bounce,80% 1RM,6
10,-0.528,No-Bounce,80% 1RM,6
12,-0.649,No-Bounce,80% 1RM,6
14,-0.733,No-Bounce,80% 1RM,6
16,-0.821,No-Bounce,80% 1RM,6
18,-0.868,No-Bounce,80% 1RM,6
20,-0.868,No-Bounce,80% 1RM,6
22,-0.854,No-Bounce,80% 1RM,6
24,-0.828,No-Bounce,80% 1RM,6
26,-0.716,No-Bounce,80% 1RM,6
28,-0.611,No-Bounce,80% 1RM,6
30,-0.477,No-Bounce,80% 1RM,6
32,-0.382,No-Bounce,80% 1RM,6
34,-0.255,No-Bounce,80% 1RM,6
36,-0.157,No-Bounce,80% 1RM,6
38,-0.075,No-Bounce,80% 1RM,6
40,0.016,No-Bounce,80% 1RM,6
42,0.068,No-Bounce,80% 1RM,6
44,0.092,No-Bounce,80% 1RM,6
46,0.166,No-Bounce,80% 1RM,6
48,0.206,No-Bounce,80% 1RM,6
50,0.268,No-Bounce,80% 1RM,6
52,0.302,No-Bounce,80% 1RM,6
54,0.318,No-Bounce,80% 1RM,6
56,0.313,No-Bounce,80% 1RM,6
58,0.360,No-Bounce,80% 1RM,6
60,0.427,No-Bounce,80% 1RM,6
62,0.466,No-Bounce,80% 1RM,6
64,0.468,No-Bounce,80% 1RM,6
66,0.510,No-Bounce,80% 1RM,6
68,0.544,No-Bounce,80% 1RM,6
70,0.570,No-Bounce,80% 1RM,6
72,0.601,No-Bounce,80% 1RM,6
74,0.633,No-Bounce,80% 1RM,6
76,0.654,No-Bounce,80% 1RM,6
78,0.662,No-Bounce,80% 1RM,6
80,0.688,No-Bounce,80% 1RM,6
82,0.735,No-Bounce,80% 1RM,6
84,0.789,No-Bounce,80% 1RM,6
86,0.900,No-Bounce,80% 1RM,6
88,0.984,No-Bounce,80% 1RM,6
90,1.021,No-Bounce,80% 1RM,6
92,0.946,No-Bounce,80% 1RM,6
94,0.738,No-Bounce,80% 1RM,6
96,0.495,No-Bounce,80% 1RM,6
98,0.201,No-Bounce,80% 1RM,6
100,0.084,No-Bounce,80% 1RM,6
0,-0.115,Bounce,Fast Descent,1
2,-0.179,Bounce,Fast Descent,1
4,-0.268,Bounce,Fast Descent,1
6,-0.387,Bounce,Fast Descent,1
8,-0.517,Bounce,Fast Descent,1
10,-0.648,Bounce,Fast Descent,1
12,-0.784,Bounce,Fast Descent,1
14,-0.844,Bounce,Fast Descent,1
16,-0.903,Bounce,Fast Descent,1
18,-0.890,Bounce,Fast Descent,1
20,-0.872,Bounce,Fast Descent,1
22,-0.723,Bounce,Fast Descent,1
24,-0.625,Bounce,Fast Descent,1
26,-0.537,Bounce,Fast Descent,1
28,-0.413,Bounce,Fast Descent,1
30,-0.228,Bounce,Fast Descent,1
32,-0.137,Bounce,Fast Descent,1
34,-0.084,Bounce,Fast Descent,1
36,-0.030,Bounce,Fast Descent,1
38,0.046,Bounce,Fast Descent,1
40,0.070,Bounce,Fast Descent,1
42,0.147,Bounce,Fast Descent,1
44,0.192,Bounce,Fast Descent,1
46,0.216,Bounce,Fast Descent,1
48,0.307,Bounce,Fast Descent,1
50,0.346,Bounce,Fast Descent,1
52,0.382,Bounce,Fast Descent,1
54,0.495,Bounce,Fast Descent,1
56,0.531,Bounce,Fast Descent,1
58,0.552,Bounce,Fast Descent,1
60,0.622,Bounce,Fast Descent,1
62,0.677,Bounce,Fast Descent,1
64,0.655,Bounce,Fast Descent,1
66,0.686,Bounce,Fast Descent,1
68,0.673,Bounce,Fast Descent,1
70,0.715,Bounce,Fast Descent,1
72,0.711,Bounce,Fast Descent,1
74,0.732,Bounce,Fast Descent,1
76,0.703,Bounce,Fast Descent,1
78,0.741,Bounce,Fast Descent,1
80,0.719,Bounce,Fast Descent,1
82,0.797,Bounce,Fast Descent,1
84,0.877,Bounce,Fast Descent,1
86,1.009,Bounce,Fast Descent,1
88,1.106,Bounce,Fast Descent,1
90,1.153,Bounce,Fast Descent,1
92,1.076,Bounce,Fast Descent,1
94,0.824,Bounce,Fast Descent,1
96,0.509,Bounce,Fast Descent,1
98,0.242,Bounce,Fast Descent,1
100,0.110,Bounce,Fast Descent,1
0,-0.170,Bounce,Fast Descent,2
2,-0.201,Bounce,Fast Descent,2
4,-0.301,Bounce,Fast Descent,2
6,-0.421,Bounce,Fast Descent,2
8,-0.544,Bounce,Fast Descent,2
10,-0.687,Bounce,Fast Descent,2
12,-0.810,Bounce,Fast Descent,2
14,-0.881,Bounce,Fast Descent,2
16,-0.951,Bounce,Fast Descent,2
18,-0.925,Bounce,Fast Descent,2
20,-0.878,Bounce,Fast Descent,2
22,-0.785,Bounce,Fast Descent,2
24,-0.637,Bounce,Fast Descent,2
26,-0.521,Bounce,Fast Descent,2
28,-0.363,Bounce,Fast Descent,2
30,-0.260,Bounce,Fast Descent,2
32,-0.165,Bounce,Fast Descent,2
34,-0.105,Bounce,Fast Descent,2
36,-0.030,Bounce,Fast Descent,2
38,-0.009,Bounce,Fast Descent,2
40,0.037,Bounce,Fast Descent,2
42,0.113,Bounce,Fast Descent,2
44,0.153,Bounce,Fast Descent,2
46,0.190,Bounce,Fast Descent,2
48,0.255,Bounce,Fast Descent,2
50,0.334,Bounce,Fast Descent,2
52,0.386,Bounce,Fast Descent,2
54,0.456,Bounce,Fast Descent,2
56,0.477,Bounce,Fast Descent,2
58,0.575,Bounce,Fast Descent,2
60,0.586,Bounce,Fast Descent,2
62,0.622,Bounce,Fast Descent,2
64,0.653,Bounce,Fast Descent,2
66,0.668,Bounce,Fast Descent,2
68,0.661,Bounce,Fast Descent,2
70,0.692,Bounce,Fast Descent,2
72,0.697,Bounce,Fast Descent,2
74,0.708,Bounce,Fast Descent,2
76,0.696,Bounce,Fast Descent,2
78,0.711,Bounce,Fast Descent,2
80,0.752,Bounce,Fast Descent,2
82,0.779,Bounce,Fast Descent,2
84,0.839,Bounce,Fast Descent,2
86,0.975,Bounce,Fast Descent,2
88,1.093,Bounce,Fast Descent,2
90,1.154,Bounce,Fast Descent,2
92,1.028,Bounce,Fast Descent,2
94,0.828,Bounce,Fast Descent,2
96,0.550,Bounce,Fast Descent,2
98,0.196,Bounce,Fast Descent,2
100,0.039,Bounce,Fast Descent,2
0,-0.092,Bounce,Fast Descent,3
2,-0.179,Bounce,Fast Descent,3
4,-0.241,Bounce,Fast Descent,3
6,-0.417,Bounce,Fast Descent,3
8,-0.505,Bounce,Fast Descent,3
10,-0.654,Bounce,Fast Descent,3
12,-0.748,Bounce,Fast Descent,3
14,-0.848,Bounce,Fast Descent,3
16,-0.914,Bounce,Fast Descent,3
18,-0.904,Bounce,Fast Descent,3
20,-0.843,Bounce,Fast Descent,3
22,-0.760,Bounce,Fast Descent,3
24,-0.642,Bounce,Fast Descent,3
26,-0.477,Bounce,Fast Descent,3
28,-0.333,Bounce,Fast Descent,3
30,-0.252,Bounce,Fast Descent,3
32,-0.127,Bounce,Fast Descent,3
34,-0.098,Bounce,Fast Descent,3
36,0.006,Bounce,Fast Descent,3
38,0.037,Bounce,Fast Descent,3
40,0.115,Bounce,Fast Descent,3
42,0.130,Bounce,Fast Descent,3
44,0.199,Bounce,Fast Descent,3
46,0.246,Bounce,Fast Descent,3
48,0.256,Bounce,Fast Descent,3
50,0.379,Bounce,Fast Descent,3
52,0.409,Bounce,Fast Descent,3
54,0.508,Bounce,Fast Descent,3
56,0.556,Bounce,Fast Descent,3
58,0.581,Bounce,Fast Descent,3
60,0.648,Bounce,Fast Descent,3
62,0.678,Bounce,Fast Descent,3
64,0.704,Bounce,Fast Descent,3
66,0.686,Bounce,Fast Descent,3
68,0.729,Bounce,Fast Descent,3
70,0.722,Bounce,Fast Descent,3
72,0.733,Bounce,Fast Descent,3
74,0.757,Bounce,Fast Descent,3
76,0.757,Bounce,Fast Descent,3
78,0.739,Bounce,Fast Descent,3
80,0.754,Bounce,Fast Descent,3
82,0.796,Bounce,Fast Descent,3
84,0.856,Bounce,Fast Descent,3
86,1.021,Bounce,Fast Descent,3
88,1.117,Bounce,Fast Descent,3
90,1.185,Bounce,Fast Descent,3
92,1.083,Bounce,Fast Descent,3
94,0.829,Bounce,Fast Descent,3
96,0.550,Bounce,Fast Descent,3
98,0.277,Bounce,Fast Descent,3
100,0.117,Bounce,Fast Descent,3
0,-0.093,Bounce,Fast Descent,4
2,-0.181,Bounce,Fast Descent,4
4,-0.260,Bounce,Fast Descent,4
6,-0.398,Bounce,Fast Descent,4
8,-0.485,Bounce,Fast Descent,4
10,-0.641,Bounce,Fast Descent,4
12,-0.732,Bounce,Fast Descent,4
14,-0.806,Bounce,Fast Descent,4
16,-0.903,Bounce,Fast Descent,4
18,-0.912,Bounce,Fast Descent,4
20,-0.799,Bounce,Fast Descent,4
22,-0.725,Bounce,Fast Descent,4
24,-0.609,Bounce,Fast Descent,4
26,-0.481,Bounce,Fast Descent,4
28,-0.334,Bounce,Fast Descent,4
30,-0.202,Bounce,Fast Descent,4
32,-0.133,Bounce,Fast Descent,4
34,-0.015,Bounce,Fast Descent,4
36,0.010,Bounce,Fast Descent,4
38,0.079,Bounce,Fast Descent,4
40,0.113,Bounce,Fast Descent,4
42,0.155,Bounce,Fast Descent,4
44,0.179,Bounce,Fast Descent,4
46,0.260,Bounce,Fast Descent,4
48,0.308,Bounce,Fast Descent,4
50,0.382,Bounce,Fast Descent,4
52,0.486,Bounce,Fast Descent,4
54,0.524,Bounce,Fast Descent,4
56,0.536,Bounce,Fast Descent,4
58,0.637,Bounce,Fast Descent,4
60,0.679,Bounce,Fast Descent,4
62,0.677,Bounce,Fast Descent,4
64,0.720,Bounce,Fast Descent,4
66,0.760,Bounce,Fast Descent,4
68,0.731,Bounce,Fast Descent,4
70,0.727,Bounce,Fast Descent,4
72,0.743,Bounce,Fast Descent,4
74,0.758,Bounce,Fast Descent,4
76,0.768,Bounce,Fast Descent,4
78,0.785,Bounce,Fast Descent,4
80,0.803,Bounce,Fast Descent,4
82,0.790,Bounce,Fast Descent,4
84,0.866,Bounce,Fast Descent,4
86,1.021,Bounce,Fast Descent,4
88,1.177,Bounce,Fast Descent,4
90,1.229,Bounce,Fast Descent,4
92,1.082,Bounce,Fast Descent,4
94,0.841,Bounce,Fast Descent,4
96,0.563,Bounce,Fast Descent,4
98,0.285,Bounce,Fast Descent,4
100,0.065,Bounce,Fast Descent,4
0,-0.087,Bounce,Fast Descent,5
2,-0.185,Bounce,Fast Descent,5
4,-0.252,Bounce,Fast Descent,5
6,-0.365,Bounce,Fast Descent,5
8,-0.527,Bounce,Fast Descent,5
10,-0.662,Bounce,Fast Descent,5
12,-0.744,Bounce,Fast Descent,5
14,-0.841,Bounce,Fast Descent,5
16,-0.882,Bounce,Fast Descent,5
18,-0.882,Bounce,Fast Descent,5
20,-0.851,Bounce,Fast Descent,5
22,-0.744,Bounce,Fast Descent,5
24,-0.606,Bounce,Fast Descent,5
26,-0.475,Bounce,Fast Descent,5
28,-0.297,Bounce,Fast Descent,5
30,-0.214,Bounce,Fast Descent,5
32,-0.124,Bounce,Fast Descent,5
34,-0.048,Bounce,Fast Descent,5
36,0.023,Bounce,Fast Descent,5
38,0.054,Bounce,Fast Descent,5
40,0.112,Bounce,Fast Descent,5
42,0.156,Bounce,Fast Descent,5
44,0.203,Bounce,Fast Descent,5
46,0.250,Bounce,Fast Descent,5
48,0.332,Bounce,Fast Descent,5
50,0.392,Bounce,Fast Descent,5
52,0.451,Bounce,Fast Descent,5
54,0.489,Bounce,Fast Descent,5
56,0.573,Bounce,Fast Descent,5
58,0.605,Bounce,Fast Descent,5
60,0.632,Bounce,Fast Descent,5
62,0.681,Bounce,Fast Descent,5
64,0.715,Bounce,Fast Descent,5
66,0.730,Bounce,Fast Descent,5
68,0.753,Bounce,Fast Descent,5
70,0.733,Bounce,Fast Descent,5
72,0.744,Bounce,Fast Descent,5
74,0.726,Bounce,Fast Descent,5
76,0.785,Bounce,Fast Descent,5
78,0.767,Bounce,Fast Descent,5
80,0.797,Bounce,Fast Descent,5
82,0.807,Bounce,Fast Descent,5
84,0.917,Bounce,Fast Descent,5
86,1.015,Bounce,Fast Descent,5
88,1.179,Bounce,Fast Descent,5
90,1.177,Bounce,Fast Descent,5
92,1.104,Bounce,Fast Descent,5
94,0.914,Bounce,Fast Descent,5
96,0.573,Bounce,Fast Descent,5
98,0.268,Bounce,Fast Descent,5
100,0.078,Bounce,Fast Descent,5
0,-0.038,Bounce,Fast Descent,6
2,-0.131,Bounce,Fast Descent,6
4,-0.168,Bounce,Fast Descent,6
6,-0.304,Bounce,Fast Descent,6
8,-0.461,Bounce,Fast Descent,6
10,-0.604,Bounce,Fast Descent,6
12,-0.694,Bounce,Fast Descent,6
14,-0.797,Bounce,Fast Descent,6
16,-0.847,Bounce,Fast Descent,6
18,-0.840,Bounce,Fast Descent,6
20,-0.753,Bounce,Fast Descent,6
22,-0.726,Bounce,Fast Descent,6
24,-0.607,Bounce,Fast Descent,6
26,-0.424,Bounce,Fast Descent,6
28,-0.296,Bounce,Fast Descent,6
30,-0.178,Bounce,Fast Descent,6
32,-0.100,Bounce,Fast Descent,6
34,0.014,Bounce,Fast Descent,6
36,0.050,Bounce,Fast Descent,6
38,0.097,Bounce,Fast Descent,6
40,0.146,Bounce,Fast Descent,6
42,0.180,Bounce,Fast Descent,6
44,0.236,Bounce,Fast Descent,6
46,0.298,Bounce,Fast Descent,6
48,0.373,Bounce,Fast Descent,6
50,0.456,Bounce,Fast Descent,6
52,0.488,Bounce,Fast Descent,6
54,0.554,Bounce,Fast Descent,6
56,0.582,Bounce,Fast Descent,6
58,0.658,Bounce,Fast Descent,6
60,0.675,Bounce,Fast Descent,6
62,0.705,Bounce,Fast Descent,6
64,0.725,Bounce,Fast Descent,6
66,0.725,Bounce,Fast Descent,6
68,0.757,Bounce,Fast Descent,6
70,0.775,Bounce,Fast Descent,6
72,0.800,Bounce,Fast Descent,6
74,0.799,Bounce,Fast Descent,6
76,0.822,Bounce,Fast Descent,6
78,0.800,Bounce,Fast Descent,6
80,0.808,Bounce,Fast Descent,6
82,0.854,Bounce,Fast Descent,6
84,0.921,Bounce,Fast Descent,6
86,1.001,Bounce,Fast Descent,6
88,1.176,Bounce,Fast Descent,6
90,1.220,Bounce,Fast Descent,6
92,1.131,Bounce,Fast Descent,6
94,0.907,Bounce,Fast Descent,6
96,0.577,Bounce,Fast Descent,6
98,0.321,Bounce,Fast Descent,6
100,0.153,Bounce,Fast Descent,6
0,-0.085,No-Bounce,Fast Descent,1
2,-0.159,No-Bounce,Fast Descent,1
4,-0.231,No-Bounce,Fast Descent,1
6,-0.353,No-Bounce,Fast Descent,1
8,-0.518,No-Bounce,Fast Descent,1
10,-0.630,No-Bounce,Fast Descent,1
12,-0.734,No-Bounce,Fast Descent,1
14,-0.844,No-Bounce,Fast Descent,1
16,-0.890,No-Bounce,Fast Descent,1
18,-0.861,No-Bounce,Fast Descent,1
20,-0.847,No-Bounce,Fast Descent,1
22,-0.755,No-Bounce,Fast Descent,1
24,-0.604,No-Bounce,Fast Descent,1
26,-0.480,No-Bounce,Fast Descent,1
28,-0.341,No-Bounce,Fast Descent,1
30,-0.223,No-Bounce,Fast Descent,1
32,-0.129,No-Bounce,Fast Descent,1
34,-0.074,No-Bounce,Fast Descent,1
36,-0.011,No-Bounce,Fast Descent,1
38,0.048,No-Bounce,Fast Descent,1
40,0.086,No-Bounce,Fast Descent,1
42,0.124,No-Bounce,Fast Descent,1
44,0.176,No-Bounce,Fast Descent,1
46,0.172,No-Bounce,Fast Descent,1
48,0.253,No-Bounce,Fast Descent,1
50,0.263,No-Bounce,Fast Descent,1
52,0.316,No-Bounce,Fast Descent,1
54,0.369,No-Bounce,Fast Descent,1
56,0.415,No-Bounce,Fast Descent,1
58,0.437,No-Bounce,Fast Descent,1
60,0.465,No-Bounce,Fast Descent,1
62,0.507,No-Bounce,Fast Descent,1
64,0.502,No-Bounce,Fast Descent,1
66,0.555,No-Bounce,Fast Descent,1
68,0.608,No-Bounce,Fast Descent,1
70,0.679,No-Bounce,Fast Descent,1
72,0.686,No-Bounce,Fast Descent,1
74,0.688,No-Bounce,Fast Descent,1
76,0.703,No-Bounce,Fast Descent,1
78,0.721,No-Bounce,Fast Descent,1
80,0.745,No-Bounce,Fast Descent,1
82,0.772,No-Bounce,Fast Descent,1
84,0.887,No-Bounce,Fast Descent,1
86,1.024,No-Bounce,Fast Descent,1
88,1.147,No-Bounce,Fast Descent,1
90,1.182,No-Bounce,Fast Descent,1
92,1.079,No-Bounce,Fast Descent,1
94,0.853,No-Bounce,Fast Descent,1
96,0.556,No-Bounce,Fast Descent,1
98,0.227,No-Bounce,Fast Descent,1
100,0.067,No-Bounce,Fast Descent,1
0,-0.081,No-Bounce,Fast Descent,2
2,-0.168,No-Bounce,Fast Descent,2
4,-0.271,No-Bounce,Fast Descent,2
6,-0.408,No-Bounce,Fast Descent,2
8,-0.503,No-Bounce,Fast Descent,2
10,-0.632,No-Bounce,Fast Descent,2
12,-0.772,No-Bounce,Fast Descent,2
14,-0.851,No-Bounce,Fast Descent,2
16,-0.917,No-Bounce,Fast Descent,2
18,-0.888,No-Bounce,Fast Descent,2
20,-0.821,No-Bounce,Fast Descent,2
22,-0.735,No-Bounce,Fast Descent,2
24,-0.607,No-Bounce,Fast Descent,2
26,-0.488,No-Bounce,Fast Descent,2
28,-0.373,No-Bounce,Fast Descent,2
30,-0.234,No-Bounce,Fast Descent,2
32,-0.124,No-Bounce,Fast Descent,2
34,-0.067,No-Bounce,Fast Descent,2
36,-0.005,No-Bounce,Fast Descent,2
38,0.054,No-Bounce,Fast Descent,2
40,0.083,No-Bounce,Fast Descent,2
42,0.124,No-Bounce,Fast Descent,2
44,0.176,No-Bounce,Fast Descent,2
46,0.218,No-Bounce,Fast Descent,2
48,0.258,No-Bounce,Fast Descent,2
50,0.286,No-Bounce,Fast Descent,2
52,0.312,No-Bounce,Fast Descent,2
54,0.353,No-Bounce,Fast Descent,2
56,0.415,No-Bounce,Fast Descent,2
58,0.414,No-Bounce,Fast Descent,2
60,0.473,No-Bounce,Fast Descent,2
62,0.488,No-Bounce,Fast Descent,2
64,0.533,No-Bounce,Fast Descent,2
66,0.554,No-Bounce,Fast Descent,2
68,0.586,No-Bounce,Fast Descent,2
70,0.634,No-Bounce,Fast Descent,2
72,0.678,No-Bounce,Fast Descent,2
74,0.699,No-Bounce,Fast Descent,2
76,0.730,No-Bounce,Fast Descent,2
78,0.690,No-Bounce,Fast Descent,2
80,0.745,No-Bounce,Fast Descent,2
82,0.809,No-Bounce,Fast Descent,2
84,0.907,No-Bounce,Fast Descent,2
86,1.026,No-Bounce,Fast Descent,2
88,1.156,No-Bounce,Fast Descent,2
90,1.181,No-Bounce,Fast Descent,2
92,1.090,No-Bounce,Fast Descent,2
94,0.859,No-Bounce,Fast Descent,2
96,0.531,No-Bounce,Fast Descent,2
98,0.232,No-Bounce,Fast Descent,2
100,0.098,No-Bounce,Fast Descent,2
0,-0.078,No-Bounce,Fast Descent,3
2,-0.107,No-Bounce,Fast Descent,3
4,-0.234,No-Bounce,Fast Descent,3
6,-0.342,No-Bounce,Fast Descent,3
8,-0.441,No-Bounce,Fast Descent,3
10,-0.612,No-Bounce,Fast Descent,3
12,-0.727,No-Bounce,Fast Descent,3
14,-0.839,No-Bounce,Fast Descent,3
16,-0.880,No-Bounce,Fast Descent,3
18,-0.875,No-Bounce,Fast Descent,3
20,-0.820,No-Bounce,Fast Descent,3
22,-0.709,No-Bounce,Fast Descent,3
24,-0.600,No-Bounce,Fast Descent,3
26,-0.475,No-Bounce,Fast Descent,3
28,-0.343,No-Bounce,Fast Descent,3
30,-0.211,No-Bounce,Fast Descent,3
32,-0.123,No-Bounce,Fast Descent,3
34,-0.013,No-Bounce,Fast Descent,3
36,0.011,No-Bounce,Fast Descent,3
38,0.066,No-Bounce,Fast Descent,3
40,0.108,No-Bounce,Fast Descent,3
42,0.127,No-Bounce,Fast Descent,3
44,0.178,No-Bounce,Fast Descent,3
46,0.205,No-Bounce,Fast Descent,3
48,0.275,No-Bounce,Fast Descent,3
50,0.310,No-Bounce,Fast Descent,3
52,0.339,No-Bounce,Fast Descent,3
54,0.358,No-Bounce,Fast Descent,3
56,0.445,No-Bounce,Fast Descent,3
58,0.490,No-Bounce,Fast Descent,3
60,0.511,No-Bounce,Fast Descent,3
62,0.533,No-Bounce,Fast Descent,3
64,0.597,No-Bounce,Fast Descent,3
66,0.596,No-Bounce,Fast Descent,3
68,0.619,No-Bounce,Fast Descent,3
70,0.694,No-Bounce,Fast Descent,3
72,0.684,No-Bounce,Fast Descent,3
74,0.762,No-Bounce,Fast Descent,3
76,0.710,No-Bounce,Fast Descent,3
78,0.754,No-Bounce,Fast Descent,3
80,0.788,No-Bounce,Fast Descent,3
82,0.825,No-Bounce,Fast Descent,3
84,0.918,No-Bounce,Fast Descent,3
86,1.038,No-Bounce,Fast Descent,3
88,1.167,No-Bounce,Fast Descent,3
90,1.214,No-Bounce,Fast Descent,3
92,1.121,No-Bounce,Fast Descent,3
94,0.873,No-Bounce,Fast Descent,3
96,0.580,No-Bounce,Fast Descent,3
98,0.286,No-Bounce,Fast Descent,3
100,0.131,No-Bounce,Fast Descent,3
0,-0.101,No-Bounce,Fast Descent,4
2,-0.203,No-Bounce,Fast Descent,4
4,-0.255,No-Bounce,Fast Descent,4
6,-0.350,No-Bounce,Fast Descent,4
8,-0.509,No-Bounce,Fast Descent,4
10,-0.635,No-Bounce,Fast Descent,4
12,-0.749,No-Bounce,Fast Descent,4
14,-0.884,No-Bounce,Fast Descent,4
16,-0.931,No-Bounce,Fast Descent,4
18,-0.876,No-Bounce,Fast Descent,4
20,-0.857,No-Bounce,Fast Descent,4
22,-0.736,No-Bounce,Fast Descent,4
24,-0.622,No-Bounce,Fast Descent,4
26,-0.496,No-Bounce,Fast Descent,4
28,-0.342,No-Bounce,Fast Descent,4
30,-0.242,No-Bounce,Fast Descent,4
32,-0.177,No-Bounce,Fast Descent,4
34,-0.083,No-Bounce,Fast Descent,4
36,-0.036,No-Bounce,Fast Descent,4
38,0.024,No-Bounce,Fast Descent,4
40,0.072,No-Bounce,Fast Descent,4
42,0.129,No-Bounce,Fast Descent,4
44,0.178,No-Bounce,Fast Descent,4
46,0.198,No-Bounce,Fast Descent,4
48,0.220,No-Bounce,Fast Descent,4
50,0.291,No-Bounce,Fast Descent,4
52,0.327,No-Bounce,Fast Descent,4
54,0.354,No-Bounce,Fast Descent,4
56,0.385,No-Bounce,Fast Descent,4
58,0.451,No-Bounce,Fast Descent,4
60,0.437,No-Bounce,Fast Descent,4
62,0.495,No-Bounce,Fast Descent,4
64,0.504,No-Bounce,Fast Descent,4
66,0.539,No-Bounce,Fast Descent,4
68,0.541,No-Bounce,Fast Descent,4
70,0.639,No-Bounce,Fast Descent,4
72,0.673,No-Bounce,Fast Descent,4
74,0.734,No-Bounce,Fast Descent,4
76,0.684,No-Bounce,Fast Descent,4
78,0.713,No-Bounce,Fast Descent,4
80,0.721,No-Bounce,Fast Descent,4
82,0.791,No-Bounce,Fast Descent,4
84,0.846,No-Bounce,Fast Descent,4
86,1.000,No-Bounce,Fast Descent,4
88,1.115,No-Bounce,Fast Descent,4
90,1.174,No-Bounce,Fast Descent,4
92,1.087,No-Bounce,Fast Descent,4
94,0.854,No-Bounce,Fast Descent,4
96,0.577,No-Bounce,Fast Descent,4
98,0.290,No-Bounce,Fast Descent,4
100,0.091,No-Bounce,Fast Descent,4
0,-0.142,No-Bounce,Fast Descent,5
2,-0.185,No-Bounce,Fast Descent,5
4,-0.273,No-Bounce,Fast Descent,5
6,-0.391,No-Bounce,Fast Descent,5
8,-0.514,No-Bounce,Fast Descent,5
10,-0.682,No-Bounce,Fast Descent,5
12,-0.782,No-Bounce,Fast Descent,5
14,-0.887,No-Bounce,Fast Descent,5
16,-0.909,No-Bounce,Fast Descent,5
18,-0.891,No-Bounce,Fast Descent,5
20,-0.870,No-Bounce,Fast Descent,5
22,-0.775,No-Bounce,Fast Descent,5
24,-0.623,No-Bounce,Fast Descent,5
26,-0.507,No-Bounce,Fast Descent,5
28,-0.365,No-Bounce,Fast Descent,5
30,-0.265,No-Bounce,Fast Descent,5
32,-0.124,No-Bounce,Fast Descent,5
34,-0.063,No-Bounce,Fast Descent,5
36,-0.011,No-Bounce,Fast Descent,5
38,0.008,No-Bounce,Fast Descent,5
40,0.063,No-Bounce,Fast Descent,5
42,0.118,No-Bounce,Fast Descent,5
44,0.119,No-Bounce,Fast Descent,5
46,0.153,No-Bounce,Fast Descent,5
48,0.188,No-Bounce,Fast Descent,5
50,0.264,No-Bounce,Fast Descent,5
52,0.286,No-Bounce,Fast Descent,5
54,0.320,No-Bounce,Fast Descent,5
56,0.383,No-Bounce,Fast Descent,5
58,0.409,No-Bounce,Fast Descent,5
60,0.428,No-Bounce,Fast Descent,5
62,0.467,No-Bounce,Fast Descent,5
64,0.506,No-Bounce,Fast Descent,5
66,0.559,No-Bounce,Fast Descent,5
68,0.598,No-Bounce,Fast Descent,5
70,0.606,No-Bounce,Fast Descent,5
72,0.660,No-Bounce,Fast Descent,5
74,0.676,No-Bounce,Fast Descent,5
76,0.696,No-Bounce,Fast Descent,5
78,0.702,No-Bounce,Fast Descent,5
80,0.724,No-Bounce,Fast Descent,5
82,0.793,No-Bounce,Fast Descent,5
84,0.839,No-Bounce,Fast Descent,5
86,1.016,No-Bounce,Fast Descent,5
88,1.101,No-Bounce,Fast Descent,5
90,1.155,No-Bounce,Fast Descent,5
92,1.047,No-Bounce,Fast Descent,5
94,0.876,No-Bounce,Fast Descent,5
96,0.541,No-Bounce,Fast Descent,5
98,0.262,No-Bounce,Fast Descent,5
100,0.067,No-Bounce,Fast Descent,5
0,-0.107,No-Bounce,Fast Descent,6
2,-0.181,No-Bounce,Fast Descent,6
4,-0.266,No-Bounce,Fast Descent,6
6,-0.296,No-Bounce,Fast Descent,6
8,-0.477,No-Bounce,Fast Descent,6
10,-0.621,No-Bounce,Fast Descent,6
12,-0.738,No-Bounce,Fast Descent,6
14,-0.825,No-Bounce,Fast Descent,6
16,-0.911,No-Bounce,Fast Descent,6
18,-0.894,No-Bounce,Fast Descent,6
20,-0.798,No-Bounce,Fast Descent,6
22,-0.695,No-Bounce,Fast Descent,6
24,-0.576,No-Bounce,Fast Descent,6
26,-0.448,No-Bounce,Fast Descent,6
28,-0.325,No-Bounce,Fast Descent,6
30,-0.207,No-Bounce,Fast Descent,6
32,-0.125,No-Bounce,Fast Descent,6
34,-0.065,No-Bounce,Fast Descent,6
36,0.002,No-Bounce,Fast Descent,6
38,0.046,No-Bounce,Fast Descent,6
40,0.062,No-Bounce,Fast Descent,6
42,0.114,No-Bounce,Fast Descent,6
44,0.146,No-Bounce,Fast Descent,6
46,0.209,No-Bounce,Fast Descent,6
48,0.237,No-Bounce,Fast Descent,6
50,0.308,No-Bounce,Fast Descent,6
52,0.322,No-Bounce,Fast Descent,6
54,0.354,No-Bounce,Fast Descent,6
56,0.422,No-Bounce,Fast Descent,6
58,0.464,No-Bounce,Fast Descent,6
60,0.508,No-Bounce,Fast Descent,6
62,0.503,No-Bounce,Fast Descent,6
64,0.546,No-Bounce,Fast Descent,6
66,0.561,No-Bounce,Fast Descent,6
68,0.599,No-Bounce,Fast Descent,6
70,0.705,No-Bounce,Fast Descent,6
72,0.653,No-Bounce,Fast Descent,6
74,0.702,No-Bounce,Fast Descent,6
76,0.744,No-Bounce,Fast Descent,6
78,0.727,No-Bounce,Fast Descent,6
80,0.793,No-Bounce,Fast Descent,6
82,0.805,No-Bounce,Fast Descent,6
84,0.914,No-Bounce,Fast Descent,6
86,1.035,No-Bounce,Fast Descent,6
88,1.154,No-Bounce,Fast Descent,6
90,1.199,No-Bounce,Fast Descent,6
92,1.076,No-Bounce,Fast Descent,6
94,0.886,No-Bounce,Fast Descent,6
96,0.553,No-Bounce,Fast Descent,6
98,0.294,No-Bounce,Fast Descent,6
100,0.113,No-Bounce,Fast Descent,6
0,-0.043,Bounce,Slow Descent,1
2,-0.019,Bounce,Slow Descent,1
4,-0.002,Bounce,Slow Descent,1
6,-0.014,Bounce,Slow Descent,1
8,-0.016,Bounce,Slow Descent,1
10,-0.030,Bounce,Slow Descent,1
12,-0.049,Bounce,Slow Descent,1
14,-0.081,Bounce,Slow Descent,1
16,-0.125,Bounce,Slow Descent,1
18,-0.174,Bounce,Slow Descent,1
20,-0.313,Bounce,Slow Descent,1
22,-0.420,Bounce,Slow Descent,1
24,-0.578,Bounce,Slow Descent,1
26,-0.698,Bounce,Slow Descent,1
28,-0.798,Bounce,Slow Descent,1
30,-0.823,Bounce,Slow Descent,1
32,-0.774,Bounce,Slow Descent,1
34,-0.686,Bounce,Slow Descent,1
36,-0.488,Bounce,Slow Descent,1
38,-0.331,Bounce,Slow Descent,1
40,-0.225,Bounce,Slow Descent,1
42,-0.066,Bounce,Slow Descent,1
44,0.071,Bounce,Slow Descent,1
46,0.179,Bounce,Slow Descent,1
48,0.274,Bounce,Slow Descent,1
50,0.344,Bounce,Slow Descent,1
52,0.449,Bounce,Slow Descent,1
54,0.474,Bounce,Slow Descent,1
56,0.552,Bounce,Slow Descent,1
58,0.590,Bounce,Slow Descent,1
60,0.599,Bounce,Slow Descent,1
62,0.625,Bounce,Slow Descent,1
64,0.664,Bounce,Slow Descent,1
66,0.687,Bounce,Slow Descent,1
68,0.735,Bounce,Slow Descent,1
70,0.724,Bounce,Slow Descent,1
72,0.693,Bounce,Slow Descent,1
74,0.711,Bounce,Slow Descent,1
76,0.736,Bounce,Slow Descent,1
78,0.735,Bounce,Slow Descent,1
80,0.732,Bounce,Slow Descent,1
82,0.772,Bounce,Slow Descent,1
84,0.847,Bounce,Slow Descent,1
86,0.971,Bounce,Slow Descent,1
88,1.095,Bounce,Slow Descent,1
90,1.101,Bounce,Slow Descent,1
92,1.039,Bounce,Slow Descent,1
94,0.825,Bounce,Slow Descent,1
96,0.534,Bounce,Slow Descent,1
98,0.218,Bounce,Slow Descent,1
100,0.076,Bounce,Slow Descent,1
0,0.037,Bounce,Slow Descent,2
2,0.086,Bounce,Slow Descent,2
4,0.059,Bounce,Slow Descent,2
6,0.040,Bounce,Slow Descent,2
8,0.030,Bounce,Slow Descent,2
10,0.068,Bounce,Slow Descent,2
12,0.025,Bounce,Slow Descent,2
14,-0.026,Bounce,Slow Descent,2
16,-0.055,Bounce,Slow Descent,2
18,-0.145,Bounce,Slow Descent,2
20,-0.217,Bounce,Slow Descent,2
22,-0.372,Bounce,Slow Descent,2
24,-0.505,Bounce,Slow Descent,2
26,-0.638,Bounce,Slow Descent,2
28,-0.686,Bounce,Slow Descent,2
30,-0.783,Bounce,Slow Descent,2
32,-0.701,Bounce,Slow Descent,2
34,-0.566,Bounce,Slow Descent,2
36,-0.444,Bounce,Slow Descent,2
38,-0.275,Bounce,Slow Descent,2
40,-0.118,Bounce,Slow Descent,2
42,0.016,Bounce,Slow Descent,2
44,0.154,Bounce,Slow Descent,2
46,0.265,Bounce,Slow Descent,2
48,0.366,Bounce,Slow Descent,2
50,0.409,Bounce,Slow Descent,2
52,0.483,Bounce,Slow Descent,2
54,0.517,Bounce,Slow Descent,2
56,0.636,Bounce,Slow Descent,2
58,0.668,Bounce,Slow Descent,2
60,0.681,Bounce,Slow Descent,2
62,0.729,Bounce,Slow Descent,2
64,0.748,Bounce,Slow Descent,2
66,0.714,Bounce,Slow Descent,2
68,0.789,Bounce,Slow Descent,2
70,0.791,Bounce,Slow Descent,2
72,0.772,Bounce,Slow Descent,2
74,0.791,Bounce,Slow Descent,2
76,0.761,Bounce,Slow Descent,2
78,0.808,Bounce,Slow Descent,2
80,0.824,Bounce,Slow Descent,2
82,0.844,Bounce,Slow Descent,2
84,0.902,Bounce,Slow Descent,2
86,1.054,Bounce,Slow Descent,2
88,1.147,Bounce,Slow Descent,2
90,1.189,Bounce,Slow Descent,2
92,1.083,Bounce,Slow Descent,2
94,0.918,Bounce,Slow Descent,2
96,0.615,Bounce,Slow Descent,2
98,0.296,Bounce,Slow Descent,2
100,0.150,Bounce,Slow Descent,2
0,0.058,Bounce,Slow Descent,3
2,0.026,Bounce,Slow Descent,3
4,0.046,Bounce,Slow Descent,3
6,0.045,Bounce,Slow Descent,3
8,0.028,Bounce,Slow Descent,3
10,0.021,Bounce,Slow Descent,3
12,0.013,Bounce,Slow Descent,3
14,-0.032,Bounce,Slow Descent,3
16,-0.047,Bounce,Slow Descent,3
18,-0.160,Bounce,Slow Descent,3
20,-0.307,Bounce,Slow Descent,3
22,-0.399,Bounce,Slow Descent,3
24,-0.524,Bounce,Slow Descent,3
26,-0.623,Bounce,Slow Descent,3
28,-0.732,Bounce,Slow Descent,3
30,-0.748,Bounce,Slow Descent,3
32,-0.707,Bounce,Slow Descent,3
34,-0.600,Bounce,Slow Descent,3
36,-0.480,Bounce,Slow Descent,3
38,-0.267,Bounce,Slow Descent,3
40,-0.116,Bounce,Slow Descent,3
42,0.016,Bounce,Slow Descent,3
44,0.111,Bounce,Slow Descent,3
46,0.231,Bounce,Slow Descent,3
48,0.294,Bounce,Slow Descent,3
50,0.394,Bounce,Slow Descent,3
52,0.485,Bounce,Slow Descent,3
54,0.548,Bounce,Slow Descent,3
56,0.543,Bounce,Slow Descent,3
58,0.655,Bounce,Slow Descent,3
60,0.690,Bounce,Slow Descent,3
62,0.645,Bounce,Slow Descent,3
64,0.694,Bounce,Slow Descent,3
66,0.778,Bounce,Slow Descent,3
68,0.715,Bounce,Slow Descent,3
70,0.779,Bounce,Slow Descent,3
72,0.760,Bounce,Slow Descent,3
74,0.793,Bounce,Slow Descent,3
76,0.744,Bounce,Slow Descent,3
78,0.768,Bounce,Slow Descent,3
80,0.817,Bounce,Slow Descent,3
82,0.863,Bounce,Slow Descent,3
84,0.897,Bounce,Slow Descent,3
86,1.006,Bounce,Slow Descent,3
88,1.132,Bounce,Slow Descent,3
90,1.167,Bounce,Slow Descent,3
92,1.085,Bounce,Slow Descent,3
94,0.900,Bounce,Slow Descent,3
96,0.578,Bounce,Slow Descent,3
98,0.307,Bounce,Slow Descent,3
100,0.140,Bounce,Slow Descent,3
0,0.025,Bounce,Slow Descent,4
2,0.029,Bounce,Slow Descent,4
4,-0.028,Bounce,Slow Descent,4
6,0.027,Bounce,Slow Descent,4
8,0.012,Bounce,Slow Descent,4
10,-0.006,Bounce,Slow Descent,4
12,-0.008,Bounce,Slow Descent,4
14,-0.061,Bounce,Slow Descent,4
16,-0.109,Bounce,Slow Descent,4
18,-0.168,Bounce,Slow Descent,4
20,-0.260,Bounce,Slow Descent,4
22,-0.432,Bounce,Slow Descent,4
24,-0.555,Bounce,Slow Descent,4
26,-0.664,Bounce,Slow Descent,4
28,-0.772,Bounce,Slow Descent,4
30,-0.790,Bounce,Slow Descent,4
32,-0.771,Bounce,Slow Descent,4
34,-0.615,Bounce,Slow Descent,4
36,-0.491,Bounce,Slow Descent,4
38,-0.312,Bounce,Slow Descent,4
40,-0.169,Bounce,Slow Descent,4
42,-0.006,Bounce,Slow Descent,4
44,0.074,Bounce,Slow Descent,4
46,0.197,Bounce,Slow Descent,4
48,0.305,Bounce,Slow Descent,4
50,0.360,Bounce,Slow Descent,4
52,0.462,Bounce,Slow Descent,4
54,0.492,Bounce,Slow Descent,4
56,0.558,Bounce,Slow Descent,4
58,0.582,Bounce,Slow Descent,4
60,0.650,Bounce,Slow Descent,4
62,0.654,Bounce,Slow Descent,4
64,0.715,Bounce,Slow Descent,4
66,0.728,Bounce,Slow Descent,4
68,0.733,Bounce,Slow Descent,4
70,0.759,Bounce,Slow Descent,4
72,0.750,Bounce,Slow Descent,4
74,0.750,Bounce,Slow Descent,4
76,0.712,Bounce,Slow Descent,4
78,0.754,Bounce,Slow Descent,4
80,0.743,Bounce,Slow Descent,4
82,0.787,Bounce,Slow Descent,4
84,0.853,Bounce,Slow Descent,4
86,0.969,Bounce,Slow Descent,4
88,1.113,Bounce,Slow Descent,4
90,1.116,Bounce,Slow Descent,4
92,1.043,Bounce,Slow Descent,4
94,0.839,Bounce,Slow Descent,4
96,0.554,Bounce,Slow Descent,4
98,0.256,Bounce,Slow Descent,4
100,0.113,Bounce,Slow Descent,4
0,0.011,Bounce,Slow Descent,5
2,0.011,Bounce,Slow Descent,5
4,-0.008,Bounce,Slow Descent,5
6,-0.005,Bounce,Slow Descent,5
8,0.002,Bounce,Slow Descent,5
10,-0.021,Bounce,Slow Descent,5
12,-0.060,Bounce,Slow Descent,5
14,-0.064,Bounce,Slow Descent,5
16,-0.090,Bounce,Slow Descent,5
18,-0.229,Bounce,Slow Descent,5
20,-0.295,Bounce,Slow Descent,5
22,-0.450,Bounce,Slow Descent,5
24,-0.535,Bounce,Slow Descent,5
26,-0.672,Bounce,Slow Descent,5
28,-0.746,Bounce,Slow Descent,5
30,-0.804,Bounce,Slow Descent,5
32,-0.754,Bounce,Slow Descent,5
34,-0.633,Bounce,Slow Descent,5
36,-0.518,Bounce,Slow Descent,5
38,-0.327,Bounce,Slow Descent,5
40,-0.191,Bounce,Slow Descent,5
42,-0.030,Bounce,Slow Descent,5
44,0.109,Bounce,Slow Descent,5
46,0.210,Bounce,Slow Descent,5
48,0.283,Bounce,Slow Descent,5
50,0.382,Bounce,Slow Descent,5
52,0.438,Bounce,Slow Descent,5
54,0.495,Bounce,Slow Descent,5
56,0.549,Bounce,Slow Descent,5
58,0.622,Bounce,Slow Descent,5
60,0.632,Bounce,Slow Descent,5
62,0.627,Bounce,Slow Descent,5
64,0.690,Bounce,Slow Descent,5
66,0.673,Bounce,Slow Descent,5
68,0.747,Bounce,Slow Descent,5
70,0.710,Bounce,Slow Descent,5
72,0.727,Bounce,Slow Descent,5
74,0.726,Bounce,Slow Descent,5
76,0.736,Bounce,Slow Descent,5
78,0.750,Bounce,Slow Descent,5
80,0.766,Bounce,Slow Descent,5
82,0.782,Bounce,Slow Descent,5
84,0.886,Bounce,Slow Descent,5
86,0.989,Bounce,Slow Descent,5
88,1.100,Bounce,Slow Descent,5
90,1.118,Bounce,Slow Descent,5
92,1.051,Bounce,Slow Descent,5
94,0.855,Bounce,Slow Descent,5
96,0.545,Bounce,Slow Descent,5
98,0.260,Bounce,Slow Descent,5
100,0.090,Bounce,Slow Descent,5
0,-0.028,Bounce,Slow Descent,6
2,-0.038,Bounce,Slow Descent,6
4,-0.057,Bounce,Slow Descent,6
6,-0.037,Bounce,Slow Descent,6
8,-0.075,Bounce,Slow Descent,6
10,-0.076,Bounce,Slow Descent,6
12,-0.064,Bounce,Slow Descent,6
14,-0.087,Bounce,Slow Descent,6
16,-0.158,Bounce,Slow Descent,6
18,-0.233,Bounce,Slow Descent,6
20,-0.333,Bounce,Slow Descent,6
22,-0.466,Bounce,Slow Descent,6
24,-0.579,Bounce,Slow Descent,6
26,-0.718,Bounce,Slow Descent,6
28,-0.816,Bounce,Slow Descent,6
30,-0.808,Bounce,Slow Descent,6
32,-0.754,Bounce,Slow Descent,6
34,-0.696,Bounce,Slow Descent,6
36,-0.547,Bounce,Slow Descent,6
38,-0.418,Bounce,Slow Descent,6
40,-0.266,Bounce,Slow Descent,6
42,-0.101,Bounce,Slow Descent,6
44,0.052,Bounce,Slow Descent,6
46,0.143,Bounce,Slow Descent,6
48,0.217,Bounce,Slow Descent,6
50,0.335,Bounce,Slow Descent,6
52,0.389,Bounce,Slow Descent,6
54,0.447,Bounce,Slow Descent,6
56,0.520,Bounce,Slow Descent,6
58,0.558,Bounce,Slow Descent,6
60,0.608,Bounce,Slow Descent,6
62,0.617,Bounce,Slow Descent,6
64,0.651,Bounce,Slow Descent,6
66,0.670,Bounce,Slow Descent,6
68,0.673,Bounce,Slow Descent,6
70,0.705,Bounce,Slow Descent,6
72,0.689,Bounce,Slow Descent,6
74,0.700,Bounce,Slow Descent,6
76,0.702,Bounce,Slow Descent,6
78,0.674,Bounce,Slow Descent,6
80,0.709,Bounce,Slow Descent,6
82,0.760,Bounce,Slow Descent,6
84,0.804,Bounce,Slow Descent,6
86,0.934,Bounce,Slow Descent,6
88,1.022,Bounce,Slow Descent,6
90,1.091,Bounce,Slow Descent,6
92,1.013,Bounce,Slow Descent,6
94,0.783,Bounce,Slow Descent,6
96,0.520,Bounce,Slow Descent,6
98,0.223,Bounce,Slow Descent,6
100,0.045,Bounce,Slow Descent,6
0,0.024,No-Bounce,Slow Descent,1
2,0.025,No-Bounce,Slow Descent,1
4,0.025,No-Bounce,Slow Descent,1
6,0.016,No-Bounce,Slow Descent,1
8,0.005,No-Bounce,Slow Descent,1
10,-0.004,No-Bounce,Slow Descent,1
12,-0.001,No-Bounce,Slow Descent,1
14,-0.047,No-Bounce,Slow Descent,1
16,-0.077,No-Bounce,Slow Descent,1
18,-0.166,No-Bounce,Slow Descent,1
20,-0.283,No-Bounce,Slow Descent,1
22,-0.431,No-Bounce,Slow Descent,1
24,-0.546,No-Bounce,Slow Descent,1
26,-0.680,No-Bounce,Slow Descent,1
28,-0.753,No-Bounce,Slow Descent,1
30,-0.793,No-Bounce,Slow Descent,1
32,-0.748,No-Bounce,Slow Descent,1
34,-0.619,No-Bounce,Slow Descent,1
36,-0.457,No-Bounce,Slow Descent,1
38,-0.322,No-Bounce,Slow Descent,1
40,-0.214,No-Bounce,Slow Descent,1
42,-0.061,No-Bounce,Slow Descent,1
44,0.088,No-Bounce,Slow Descent,1
46,0.136,No-Bounce,Slow Descent,1
48,0.269,No-Bounce,Slow Descent,1
50,0.260,No-Bounce,Slow Descent,1
52,0.301,No-Bounce,Slow Descent,1
54,0.381,No-Bounce,Slow Descent,1
56,0.392,No-Bounce,Slow Descent,1
58,0.416,No-Bounce,Slow Descent,1
60,0.449,No-Bounce,Slow Descent,1
62,0.465,No-Bounce,Slow Descent,1
64,0.553,No-Bounce,Slow Descent,1
66,0.592,No-Bounce,Slow Descent,1
68,0.610,No-Bounce,Slow Descent,1
70,0.644,No-Bounce,Slow Descent,1
72,0.703,No-Bounce,Slow Descent,1
74,0.699,No-Bounce,Slow Descent,1
76,0.732,No-Bounce,Slow Descent,1
78,0.722,No-Bounce,Slow Descent,1
80,0.756,No-Bounce,Slow Descent,1
82,0.806,No-Bounce,Slow Descent,1
84,0.877,No-Bounce,Slow Descent,1
86,0.985,No-Bounce,Slow Descent,1
88,1.114,No-Bounce,Slow Descent,1
90,1.145,No-Bounce,Slow Descent,1
92,1.011,No-Bounce,Slow Descent,1
94,0.825,No-Bounce,Slow Descent,1
96,0.534,No-Bounce,Slow Descent,1
98,0.281,No-Bounce,Slow Descent,1
100,0.105,No-Bounce,Slow Descent,1
0,-0.051,No-Bounce,Slow Descent,2
2,-0.001,No-Bounce,Slow Descent,2
4,-0.015,No-Bounce,Slow Descent,2
6,-0.021,No-Bounce,Slow Descent,2
8,-0.018,No-Bounce,Slow Descent,2
10,-0.017,No-Bounce,Slow Descent,2
12,-0.035,No-Bounce,Slow Descent,2
14,-0.067,No-Bounce,Slow Descent,2
16,-0.142,No-Bounce,Slow Descent,2
18,-0.213,No-Bounce,Slow Descent,2
20,-0.293,No-Bounce,Slow Descent,2
22,-0.427,No-Bounce,Slow Descent,2
24,-0.589,No-Bounce,Slow Descent,2
26,-0.709,No-Bounce,Slow Descent,2
28,-0.805,No-Bounce,Slow Descent,2
30,-0.812,No-Bounce,Slow Descent,2
32,-0.760,No-Bounce,Slow Descent,2
34,-0.672,No-Bounce,Slow Descent,2
36,-0.502,No-Bounce,Slow Descent,2
38,-0.342,No-Bounce,Slow Descent,2
40,-0.201,No-Bounce,Slow Descent,2
42,-0.075,No-Bounce,Slow Descent,2
44,0.037,No-Bounce,Slow Descent,2
46,0.083,No-Bounce,Slow Descent,2
48,0.171,No-Bounce,Slow Descent,2
50,0.257,No-Bounce,Slow Descent,2
52,0.306,No-Bounce,Slow Descent,2
54,0.311,No-Bounce,Slow Descent,2
56,0.377,No-Bounce,Slow Descent,2
58,0.419,No-Bounce,Slow Descent,2
60,0.440,No-Bounce,Slow Descent,2
62,0.451,No-Bounce,Slow Descent,2
64,0.538,No-Bounce,Slow Descent,2
66,0.533,No-Bounce,Slow Descent,2
68,0.564,No-Bounce,Slow Descent,2
70,0.624,No-Bounce,Slow Descent,2
72,0.629,No-Bounce,Slow Descent,2
74,0.680,No-Bounce,Slow Descent,2
76,0.689,No-Bounce,Slow Descent,2
78,0.668,No-Bounce,Slow Descent,2
80,0.729,No-Bounce,Slow Descent,2
82,0.778,No-Bounce,Slow Descent,2
84,0.861,No-Bounce,Slow Descent,2
86,0.933,No-Bounce,Slow Descent,2
88,1.120,No-Bounce,Slow Descent,2
90,1.086,No-Bounce,Slow Descent,2
92,1.012,No-Bounce,Slow Descent,2
94,0.822,No-Bounce,Slow Descent,2
96,0.532,No-Bounce,Slow Descent,2
98,0.286,No-Bounce,Slow Descent,2
100,0.054,No-Bounce,Slow Descent,2
0,0.020,No-Bounce,Slow Descent,3
2,0.016,No-Bounce,Slow Descent,3
4,-0.004,No-Bounce,Slow Descent,3
6,0.009,No-Bounce,Slow Descent,3
8,0.010,No-Bounce,Slow Descent,3
10,0.037,No-Bounce,Slow Descent,3
12,-0.053,No-Bounce,Slow Descent,3
14,-0.050,No-Bounce,Slow Descent,3
16,-0.076,No-Bounce,Slow Descent,3
18,-0.183,No-Bounce,Slow Descent,3
20,-0.287,No-Bounce,Slow Descent,3
22,-0.400,No-Bounce,Slow Descent,3
24,-0.543,No-Bounce,Slow Descent,3
26,-0.688,No-Bounce,Slow Descent,3
28,-0.747,No-Bounce,Slow Descent,3
30,-0.785,No-Bounce,Slow Descent,3
32,-0.759,No-Bounce,Slow Descent,3
34,-0.593,No-Bounce,Slow Descent,3
36,-0.503,No-Bounce,Slow Descent,3
38,-0.344,No-Bounce,Slow Descent,3
40,-0.173,No-Bounce,Slow Descent,3
42,-0.057,No-Bounce,Slow Descent,3
44,0.074,No-Bounce,Slow Descent,3
46,0.146,No-Bounce,Slow Descent,3
48,0.227,No-Bounce,Slow Descent,3
50,0.281,No-Bounce,Slow Descent,3
52,0.334,No-Bounce,Slow Descent,3
54,0.361,No-Bounce,Slow Descent,3
56,0.401,No-Bounce,Slow Descent,3
58,0.430,No-Bounce,Slow Descent,3
60,0.456,No-Bounce,Slow Descent,3
62,0.523,No-Bounce,Slow Descent,3
64,0.541,No-Bounce,Slow Descent,3
66,0.568,No-Bounce,Slow Descent,3
68,0.623,No-Bounce,Slow Descent,3
70,0.650,No-Bounce,Slow Descent,3
72,0.659,No-Bounce,Slow Descent,3
74,0.686,No-Bounce,Slow Descent,3
76,0.714,No-Bounce,Slow Descent,3
78,0.718,No-Bounce,Slow Descent,3
80,0.773,No-Bounce,Slow Descent,3
82,0.784,No-Bounce,Slow Descent,3
84,0.893,No-Bounce,Slow Descent,3
86,1.005,No-Bounce,Slow Descent,3
88,1.117,No-Bounce,Slow Descent,3
90,1.154,No-Bounce,Slow Descent,3
92,1.074,No-Bounce,Slow Descent,3
94,0.836,No-Bounce,Slow Descent,3
96,0.517,No-Bounce,Slow Descent,3
98,0.258,No-Bounce,Slow Descent,3
100,0.101,No-Bounce,Slow Descent,3
0,-0.009,No-Bounce,Slow Descent,4
2,-0.017,No-Bounce,Slow Descent,4
4,-0.042,No-Bounce,Slow Descent,4
6,-0.035,No-Bounce,Slow Descent,4
8,-0.016,No-Bounce,Slow Descent,4
10,-0.028,No-Bounce,Slow Descent,4
12,-0.071,No-Bounce,Slow Descent,4
14,-0.103,No-Bounce,Slow Descent,4
16,-0.132,No-Bounce,Slow Descent,4
18,-0.198,No-Bounce,Slow Descent,4
20,-0.314,No-Bounce,Slow Descent,4
22,-0.446,No-Bounce,Slow Descent,4
24,-0.567,No-Bounce,Slow Descent,4
26,-0.708,No-Bounce,Slow Descent,4
28,-0.823,No-Bounce,Slow Descent,4
30,-0.820,No-Bounce,Slow Descent,4
32,-0.760,No-Bounce,Slow Descent,4
34,-0.688,No-Bounce,Slow Descent,4
36,-0.530,No-Bounce,Slow Descent,4
38,-0.363,No-Bounce,Slow Descent,4
40,-0.237,No-Bounce,Slow Descent,4
42,-0.095,No-Bounce,Slow Descent,4
44,0.058,No-Bounce,Slow Descent,4
46,0.123,No-Bounce,Slow Descent,4
48,0.178,No-Bounce,Slow Descent,4
50,0.256,No-Bounce,Slow Descent,4
52,0.312,No-Bounce,Slow Descent,4
54,0.341,No-Bounce,Slow Descent,4
56,0.403,No-Bounce,Slow Descent,4
58,0.415,No-Bounce,Slow Descent,4
60,0.445,No-Bounce,Slow Descent,4
62,0.465,No-Bounce,Slow Descent,4
64,0.512,No-Bounce,Slow Descent,4
66,0.562,No-Bounce,Slow Descent,4
68,0.566,No-Bounce,Slow Descent,4
70,0.641,No-Bounce,Slow Descent,4
72,0.668,No-Bounce,Slow Descent,4
74,0.646,No-Bounce,Slow Descent,4
76,0.715,No-Bounce,Slow Descent,4
78,0.727,No-Bounce,Slow Descent,4
80,0.721,No-Bounce,Slow Descent,4
82,0.795,No-Bounce,Slow Descent,4
84,0.863,No-Bounce,Slow Descent,4
86,0.936,No-Bounce,Slow Descent,4
88,1.046,No-Bounce,Slow Descent,4
90,1.123,No-Bounce,Slow Descent,4
92,1.035,No-Bounce,Slow Descent,4
94,0.827,No-Bounce,Slow Descent,4
96,0.496,No-Bounce,Slow Descent,4
98,0.198,No-Bounce,Slow Descent,4
100,0.050,No-Bounce,Slow Descent,4
0,0.043,No-Bounce,Slow Descent,5
2,0.035,No-Bounce,Slow Descent,5
4,0.037,No-Bounce,Slow Descent,5
6,0.060,No-Bounce,Slow Descent,5
8,0.015,No-Bounce,Slow Descent,5
10,0.010,No-Bounce,Slow Descent,5
12,0.004,No-Bounce,Slow Descent,5
14,-0.000,No-Bounce,Slow Descent,5
16,-0.063,No-Bounce,Slow Descent,5
18,-0.144,No-Bounce,Slow Descent,5
20,-0.244,No-Bounce,Slow Descent,5
22,-0.356,No-Bounce,Slow Descent,5
24,-0.477,No-Bounce,Slow Descent,5
26,-0.655,No-Bounce,Slow Descent,5
28,-0.725,No-Bounce,Slow Descent,5
30,-0.766,No-Bounce,Slow Descent,5
32,-0.711,No-Bounce,Slow Descent,5
34,-0.584,No-Bounce,Slow Descent,5
36,-0.452,No-Bounce,Slow Descent,5
38,-0.310,No-Bounce,Slow Descent,5
40,-0.166,No-Bounce,Slow Descent,5
42,-0.007,No-Bounce,Slow Descent,5
44,0.082,No-Bounce,Slow Descent,5
46,0.162,No-Bounce,Slow Descent,5
48,0.285,No-Bounce,Slow Descent,5
50,0.316,No-Bounce,Slow Descent,5
52,0.378,No-Bounce,Slow Descent,5
54,0.416,No-Bounce,Slow Descent,5
56,0.418,No-Bounce,Slow Descent,5
58,0.487,No-Bounce,Slow Descent,5
60,0.516,No-Bounce,Slow Descent,5
62,0.562,No-Bounce,Slow Descent,5
64,0.552,No-Bounce,Slow Descent,5
66,0.607,No-Bounce,Slow Descent,5
68,0.626,No-Bounce,Slow Descent,5
70,0.679,No-Bounce,Slow Descent,5
72,0.675,No-Bounce,Slow Descent,5
74,0.711,No-Bounce,Slow Descent,5
76,0.743,No-Bounce,Slow Descent,5
78,0.757,No-Bounce,Slow Descent,5
80,0.787,No-Bounce,Slow Descent,5
82,0.778,No-Bounce,Slow Descent,5
84,0.891,No-Bounce,Slow Descent,5
86,1.036,No-Bounce,Slow Descent,5
88,1.147,No-Bounce,Slow Descent,5
90,1.166,No-Bounce,Slow Descent,5
92,1.079,No-Bounce,Slow Descent,5
94,0.891,No-Bounce,Slow Descent,5
96,0.581,No-Bounce,Slow Descent,5
98,0.307,No-Bounce,Slow Descent,5
100,0.153,No-Bounce,Slow Descent,5
0,0.033,No-Bounce,Slow Descent,6
2,0.043,No-Bounce,Slow Descent,6
4,0.026,No-Bounce,Slow Descent,6
6,0.041,No-Bounce,Slow Descent,6
8,0.021,No-Bounce,Slow Descent,6
10,0.005,No-Bounce,Slow Descent,6
12,0.008,No-Bounce,Slow Descent,6
14,-0.035,No-Bounce,Slow Descent,6
16,-0.076,No-Bounce,Slow Descent,6
18,-0.133,No-Bounce,Slow Descent,6
20,-0.232,No-Bounce,Slow Descent,6
22,-0.421,No-Bounce,Slow Descent,6
24,-0.504,No-Bounce,Slow Descent,6
26,-0.665,No-Bounce,Slow Descent,6
28,-0.735,No-Bounce,Slow Descent,6
30,-0.789,No-Bounce,Slow Descent,6
32,-0.715,No-Bounce,Slow Descent,6
34,-0.644,No-Bounce,Slow Descent,6
36,-0.472,No-Bounce,Slow Descent,6
38,-0.314,No-Bounce,Slow Descent,6
40,-0.175,No-Bounce,Slow Descent,6
42,-0.032,No-Bounce,Slow Descent,6
44,0.111,No-Bounce,Slow Descent,6
46,0.169,No-Bounce,Slow Descent,6
48,0.229,No-Bounce,Slow Descent,6
50,0.278,No-Bounce,Slow Descent,6
52,0.357,No-Bounce,Slow Descent,6
54,0.373,No-Bounce,Slow Descent,6
56,0.452,No-Bounce,Slow Descent,6
58,0.463,No-Bounce,Slow Descent,6
60,0.501,No-Bounce,Slow Descent,6
62,0.516,No-Bounce,Slow Descent,6
64,0.540,No-Bounce,Slow Descent,6
66,0.574,No-Bounce,Slow Descent,6
68,0.621,No-Bounce,Slow Descent,6
70,0.632,No-Bounce,Slow Descent,6
72,0.711,No-Bounce,Slow Descent,6
74,0.699,No-Bounce,Slow Descent,6
76,0.702,No-Bounce,Slow Descent,6
78,0.712,No-Bounce,Slow Descent,6
80,0.794,No-Bounce,Slow Descent,6
82,0.815,No-Bounce,Slow Descent,6
84,0.875,No-Bounce,Slow Descent,6
86,1.023,No-Bounce,Slow Descent,6
88,1.146,No-Bounce,Slow Descent,6
90,1.119,No-Bounce,Slow Descent,6
92,1.073,No-Bounce,Slow Descent,6
94,0.873,No-Bounce,Slow Descent,6
96,0.589,No-Bounce,Slow Descent,6
98,0.299,No-Bounce,Slow Descent,6
100,0.115,No-Bounce,Slow Descent,6
